,h2_gcta,h2_gwash,h2_ldsc_reg,icpt_ldsc_reg,h2_ldsc_fixed,h2_samp,h2_gwash_sample_theoretical_se,h2_ldsc_reg_jackknife_se,h2_ldsc_fixed_jackknife_se
0,0.20621091117120735,0.20536886595446077,0.41635884741212387,0.5199134623993048,0.20533377191915358,0.18293389283366843,0.020031384477299557,0.6746818998506728,0.020838128420133592
1,0.17129120569975453,0.1858647940821737,1.918552429907101,-2.469993162670359,0.18534935491650653,0.19099176141292115,0.01952658109962962,0.6323015847332977,0.0203106438837673
2,0.22684115478334213,0.22139153059879849,0.02126013354173608,1.4555451584646262,0.22148445972662537,0.21947436065562145,0.020431183794337254,0.7211019057676478,0.023072663050654352
3,0.1718315660625714,0.17732680306895898,-1.0340981103505984,3.757447255641949,0.1777451715931568,0.19779780409904615,0.019298965965640805,0.6178004367872842,0.020158527583889557
4,0.18404332684467276,0.18046891638835835,0.09996648590615691,1.1832489275675298,0.18050234325289505,0.1995143700871081,0.019383217643469952,0.683095709449814,0.0197029571713233
5,0.19613215774506243,0.1957474916273049,-0.17454222380686818,1.8428548222833354,0.19589913188009322,0.19469162435762524,0.019784935608432083,0.5961410994266347,0.021364040312962174
6,0.18105408963797917,0.18584176810246347,1.3787754588979866,-1.6739774167557417,0.18543485727508283,0.19155398670066673,0.01952597282424715,0.6475933154743451,0.021679739478124162
7,0.19776374542968722,0.20481413743262944,0.8433376031962947,-0.453058601458947,0.20463675679229337,0.2128483054224603,0.020017307937600603,0.48509323600335935,0.021771946055440278
8,0.18777225115791796,0.18615962880271475,-0.16653627552599254,1.802807214102941,0.18630724351695882,0.1976167640744082,0.019534367090329713,0.6197496798295246,0.02293223397986076
9,0.164438598335305,0.1727279846718194,-0.23822371733255637,1.9354109070847398,0.1728514792284477,0.198296549205479,0.019174615935094157,0.6099829828450668,0.01925261295442776
10,0.21829537632836649,0.22941377833403706,0.190043138397491,1.089676213320537,0.2294595089103854,0.21242145944747767,0.020626574791061517,0.6542603121468396,0.024466604324275307
11,0.1822176952447856,0.19072926438614582,0.5554214925256067,0.16957675158139054,0.19051258609789948,0.2011385155712474,0.01965442140420923,0.759266071883683,0.02276912204752675
12,0.1781992519677296,0.178732218919978,-0.8813889200528148,3.413045081709313,0.17909266406316746,0.19197998290800483,0.019336720983456856,0.7277675906832111,0.02189169750758116
13,0.20001742486373197,0.19389449482678225,0.4519726627656353,0.4125661693449229,0.19380707824960908,0.20890851042110448,0.01973690275090726,0.574713252538755,0.02022887176648484
14,0.21761837363477934,0.22984332580577038,-0.7689005898514115,3.2733387529564,0.23023980423364482,0.19347317145085643,0.02063694954636643,0.6708051526534089,0.0226329358324233
15,0.19878317782174088,0.20933447740243782,0.19864372553885865,1.0244096066707877,0.20937270949577308,0.19729489446063572,0.020131549269794876,0.6156975577435996,0.02180828281212185
16,0.21229091882159173,0.2138515383652291,0.493562183418975,0.3630622661429255,0.21368298344579384,0.2139241571821569,0.020244660501602667,0.7388854265367091,0.021880554501169384
17,0.18040731412887642,0.18813910398025993,0.9710454276360416,-0.7815836914564324,0.18793424406532064,0.20245379060439694,0.019586514924329293,0.4114487504581141,0.020597136128690845
18,0.19341470962975413,0.18851416263301723,-0.3185989829883812,2.154291110770589,0.18869965390162907,0.1992042901179986,0.01959637092139141,0.5362823714253662,0.020964858251809486
19,0.17909290798328023,0.17699693609314948,-0.18262834268355937,1.8185816011150744,0.17713709043361234,0.20873465736313865,0.019290087794288743,0.6252838309744233,0.021423545734831132
20,0.22078213460136775,0.2121945529074492,-0.16340528132819693,1.8549406797611305,0.21231962030563076,0.1908346981439846,0.020203288567083012,0.7203903039837823,0.02436542410505545
21,0.17926561231458674,0.16351901127941937,0.8407644522222282,-0.5420066115659141,0.16322815155043177,0.1905645603375109,0.018921809064989352,0.6103168634261362,0.024656989379819114
22,0.20058545085123866,0.20471129700987928,0.04875181889280664,1.3549695132493886,0.20473114107498266,0.19712097110520233,0.020014696542045844,0.8427961302866906,0.022695586858166004
23,0.18463827454815226,0.17740625520784328,-0.11393816341667722,1.6631589195140704,0.1775339921594545,0.20467134260382272,0.019301103424932898,0.6810598750292252,0.021523686200568874
24,0.20287472049006636,0.20808646996486746,0.7235822663456558,-0.17386204368273497,0.2077781654907264,0.20305485158462697,0.020100114236344384,0.8200508594641388,0.021854343652918336
25,0.19307680553522588,0.2242902097062001,0.005568691096158271,1.4978533205204996,0.224374856449004,0.21066539552405916,0.020502144175156573,0.5954834172521816,0.023939102363225297
26,0.24328237949006382,0.2631318249115988,-0.2045232707474015,2.064470743798939,0.26329068495088664,0.20229582395174572,0.02141520399631853,0.8310431876391456,0.025551500591665364
27,0.2155404882988496,0.203202529470417,0.369862320189868,0.6205920213402841,0.2031258884591135,0.2025724244270583,0.019976321280736054,0.6156050411005813,0.02287438440663146
28,0.23239140632931887,0.22678257154614334,-0.19434074142347454,1.9585607702026482,0.22686148699139586,0.2020239539579885,0.020562831329568303,0.8452977361544239,0.021440335027705152
29,0.18859321420854278,0.18206610856952568,0.04179382986457067,1.3192994958100122,0.18213244655175678,0.19459038828893277,0.01942582626051622,0.6235813943887417,0.02115576542226648
30,0.20536116828266357,0.21374806936356514,0.22761786135871326,0.968470106558444,0.21375982983308617,0.20993923676263776,0.020242081130899457,0.7519412604621903,0.022385156310686286
31,0.22275928766118325,0.22075013783835637,1.2548740876522206,-1.2858477429838555,0.22033526407881704,0.2069400732962213,0.02041542677171603,0.6756746586751647,0.023937427857964266
32,0.19344334772921773,0.186408367661998,0.11952635453299076,1.1522028685486871,0.18640980639672663,0.2004809696535427,0.019540931985736556,0.5865227467274354,0.021867654653735937
33,0.20232483433833118,0.20276228073679792,-0.9828248184859771,3.6986302368502755,0.203150350492789,0.1898533114400317,0.019965101127259716,0.995233782057119,0.021288765463738552
34,0.22550320493437492,0.22048965853883723,-1.1396942814172233,4.096048771178111,0.22100735668448268,0.18359000596981198,0.02040902183094344,0.6297408703043502,0.021913820373535373
35,0.19105846095131346,0.18336677681825084,0.5000467695264661,0.27932435173479203,0.18329619449066453,0.1861812589472206,0.019460416793100815,0.5457214871989886,0.022065763868040315
36,0.1975542955163485,0.20838195671785453,1.4158100110496576,-1.7532055508436954,0.208137267886264,0.2001565032286694,0.02010756424912753,0.3274122999471598,0.0201213185428918
37,0.18801820533125138,0.18495478098407706,-0.35012429762151387,2.2179501714617245,0.18515498115909892,0.2011824509975563,0.019502518640680467,0.8205092749129934,0.02196629773626325
38,0.21621311572638394,0.20795117518421863,1.3022148867064116,-1.4496177834281991,0.20752519648854126,0.19697915434251173,0.020096701590621546,0.6605115098750393,0.020148447468818484
39,0.2296394904705506,0.23066718459134888,-0.3751425099147891,2.37894740280077,0.2308990271140141,0.21250584171610867,0.020656823427806066,0.7128830888344777,0.023943380022473846
40,0.1722628856551101,0.17058978199003916,-0.9425806482262484,3.5338004258321285,0.17097454805176907,0.19160034159265915,0.019116373694342614,0.820573123252715,0.02013839444623643
41,0.18838711060105823,0.19258402531575583,1.3084700719023454,-1.5426476621719052,0.19218214512858936,0.20130361751382136,0.01970282036047731,0.7473839800771858,0.023050588919031837
42,0.17427645820760515,0.1755623404387747,-1.2157865082608574,4.166990012876572,0.17596427896330039,0.20073111248968553,0.01925140259436163,0.9761598259737861,0.02127958940859708
43,0.16551231399763938,0.17386236698726484,-0.13786485461506437,1.7095536063574353,0.1739799280147774,0.20013614628605678,0.019205404867415732,0.6845335333051781,0.02236228497516412
44,0.23475335782330037,0.25335374149229845,0.4713735231621354,0.5039598464699024,0.25332741536306297,0.2093582291929879,0.02119173626530805,0.5999786428233288,0.021964560332003207
45,0.1836148961062405,0.17002060724567306,-0.49715365183644605,2.518621885952563,0.17019738464910536,0.2033322177306584,0.019100823949281677,0.8707750074253835,0.018990686854145344
46,0.19657043176377995,0.2044094434953259,0.04545961297381574,1.361777761494655,0.20442545560584713,0.19499618855382256,0.02000702847800215,0.8081051696322898,0.02159029921082174
47,0.18523350624467358,0.18459037545323984,0.8294247854040048,-0.46746566766181047,0.1844226537378042,0.1945907331035616,0.019492869979092626,0.519950025567649,0.01936585752201988
48,0.1855326017959814,0.17556160650146244,-0.7463153277371158,3.0983774094121905,0.17586244675107435,0.2160835030218164,0.019251382772223234,0.6100762609416213,0.019382862914367856
49,0.19302597664402463,0.18382004318816267,0.3312172432070447,0.6645411008079819,0.18378459422243854,0.19252961371438496,0.019472448551448637,0.6219582443459304,0.018983318998232
50,0.2240844724614329,0.22967123288260285,-1.5340659866874033,5.014617490390946,0.2303307135672151,0.20462124219956013,0.020632794083782872,0.8171850338332433,0.02152614722348029
51,0.22890666739928414,0.24664636634990209,1.2782359704611843,-1.3510252379906869,0.24622522955713466,0.20605309135516217,0.021036022451891463,0.9590701871063538,0.022551577730986126
52,0.1822313236548562,0.18357724331673336,-0.025313624679638158,1.4754749741885431,0.18363445375679757,0.19994190196720021,0.01946600498451468,0.7893751572424512,0.021093110613457207
53,0.2083378162961297,0.21513744583448902,0.9033290424046734,-0.5661011721919542,0.21481061233625037,0.2183042975345266,0.020276671788204137,0.7310323705930577,0.021613721424775655
54,0.20235932576856894,0.19915031331110436,0.14445300666856511,1.124439826962317,0.1991341843307066,0.2070466818725427,0.019872660243026332,0.7376717747012775,0.021696924606282267
55,0.19752559133184186,0.20822433170442914,-0.7037615123378965,3.0758610664572745,0.20853384642290415,0.20671628072290324,0.020103590659936995,0.6939572929018912,0.020964454187695863
56,0.207179450995441,0.20289290400431143,-0.3207349501549038,2.1918833681319145,0.2031061617117551,0.19119696858806634,0.01996843124708419,0.6432939517515976,0.02127569022512432
57,0.19810279039345943,0.19734657985894025,0.38821182683742583,0.5657137188070189,0.19732174704652952,0.2067546108573935,0.019826237491955622,0.6632832102461981,0.021281834045895655
58,0.23203797971281087,0.2254512642063838,0.7791840106677924,-0.2600312366956387,0.22530562497243964,0.21403599457239078,0.02053045236426126,0.6080220400576769,0.020639116471871805
59,0.1880349437937832,0.18678424093028007,0.7552559844287686,-0.2936557631975997,0.18663601810572472,0.2065481705679206,0.019550845720100074,0.5903698984506303,0.019639068019972207
60,0.2207276206888191,0.21340959568555964,-0.27252061175146575,2.106076426443307,0.2136065114264202,0.20804625691014333,0.020233639571118754,0.6911230660221428,0.019776422074237653
61,0.23531610433832717,0.23770009882237914,-1.2685138538464342,4.428443369697862,0.23833493823558485,0.19215368083513648,0.02082517524026668,0.6870501252430913,0.0256709327901082
62,0.1922336613345326,0.20886729312106336,0.3413012720647091,0.6985680061023417,0.20882528977114553,0.19242223645794612,0.02011979112663274,0.6250583445572826,0.02202730991969484
63,0.19975219982709025,0.19811036256436723,-0.1977495847999491,1.9010563133808005,0.19826694200065995,0.1893238595100487,0.019845916254428598,0.6079379220560717,0.02146530692773504
64,0.230236439536026,0.23508260240261428,-0.16024447158315652,1.899847959786367,0.23521430503322574,0.21504914247280502,0.02076278919777192,0.7414851980402648,0.022321688897692378
65,0.24400203050895605,0.2547934603004637,0.3797861190654914,0.7152601906766556,0.2546639632990445,0.20944590192311532,0.02122490034332446,0.720887850590808,0.023646365421874357
66,0.2360733498013985,0.22971663518706267,-0.22644980792473102,2.0383261966317847,0.22990953717580748,0.198418883111189,0.020633890533041033,0.7136667693122642,0.025767731628987774
67,0.1687569581688483,0.16209141943153235,0.6077287362691135,-0.014677332441688904,0.1619067957106576,0.20419234610279915,0.01888215462691134,0.4678855887614996,0.018172738219318255
68,0.20296526193881403,0.19948707249650666,-0.5510746230479904,2.7084275346921167,0.19978179896808984,0.2132242314559859,0.019881308166526116,0.7569375079314427,0.02219553601148482
69,0.2219564403984303,0.22803648657523862,-1.0154572667864241,3.8304361901943595,0.22850739097339123,0.19350036653710176,0.020593249983566098,0.6648817032488072,0.023119223809105076
70,0.21988874297101785,0.22192431226994955,-0.7076061163798358,3.1157956872455803,0.2222859441854313,0.1994320018778594,0.020444257227096734,0.6576608866820173,0.02259245629860976
71,0.21372603200097434,0.2387753160531893,1.438057809899599,-1.366980018779828,0.23835483833313514,0.20773177152541233,0.020850710056064065,0.6108826723401601,0.026686039199921685
72,0.26463153994752464,0.2466560920066714,0.8765587192840067,-0.4353212347135805,0.24623457005086827,0.20288739237356543,0.021036249689794704,0.7031310150482406,0.022720540667216373
73,0.22094732937715322,0.22881780280557837,-0.5840720635136717,2.8502982442990072,0.22912748406794026,0.1981240814864525,0.020612165760401174,0.7174276137767739,0.021893550749910014
74,0.2330901394927278,0.2361717926812533,0.3493968028006277,0.7423317087545329,0.2361438691474306,0.20571105379192525,0.020788787980314874,0.7565064488658314,0.024861393561340796
75,0.22995307349551047,0.22468246413257403,1.0641729081554023,-0.9101624806164321,0.2244609381519064,0.19523236690100743,0.02051171521606822,0.4974385923103588,0.02040168841125918
76,0.21755343881356687,0.2375481447364646,0.42353121419902545,0.5765245866975408,0.23743446725243003,0.20320491987439793,0.02082156223925823,0.722315533328477,0.023040675197696522
77,0.20939060838411752,0.19856449933156503,1.0704257708615912,-0.9832124022646606,0.1982170284729918,0.19873458305012281,0.01985760221378846,0.576014467250256,0.02237042461669779
78,0.23744839809153934,0.22148621632184481,-1.1625640351111795,4.1503752393482145,0.22203893510596934,0.2188467598579435,0.02043350821621043,0.7246710733058817,0.020951758373292575
79,0.20015598158129858,0.2130349637328713,-0.2890446005073133,2.142833730729684,0.21324529535758902,0.20022855639427278,0.020224289471075484,0.6436688122541842,0.022820994017395284
80,0.23101845994833214,0.22079514643758993,-0.6529327509377657,2.988779882207,0.2210787083703808,0.21132755152789653,0.020416533152519314,0.868558774192186,0.025701005768069947
81,0.17925652623614344,0.18848961260013763,-0.26785488446896205,2.0387325074633376,0.18867379026570028,0.19241553826408886,0.019595726021604674,0.6069895050327745,0.023318667993957206
82,0.18922065584424252,0.1903871630709525,0.5130537550964727,0.2654547976311531,0.1902582460045445,0.20102492993183216,0.019645473784789123,0.6166122168942904,0.023398880557226883
83,0.1904683753386056,0.205017134598776,-0.5389882731755256,2.6935026348003372,0.20526120562691388,0.1976128200343325,0.020022460963054985,0.7904192329042331,0.021405544044896696
84,0.2310842463597168,0.22922508592655902,0.5132308344920538,0.3532615787781465,0.2290441338214664,0.20435248128850772,0.02062201456798771,0.685077151536112,0.021748553802692975
85,0.169259702659808,0.1638459690904026,0.5879611462661868,0.033060939822575935,0.16354032890506554,0.19801359569272958,0.018930873271251376,0.460324550525658,0.017447968566346454
86,0.19610531503197307,0.19632034548001195,-0.1479999389600413,1.783738725106185,0.1964635542954285,0.1996619898816425,0.01979974734633345,0.5859883734625466,0.02102068247324143
87,0.18967419873809394,0.19874051185085728,-1.089935056842185,3.933283965089991,0.19910327644856898,0.20925161612668636,0.019862128445742682,1.433842447699834,0.021072245592334404
88,0.21686176582831013,0.20104179711129225,0.6084839848335896,0.07294179195503482,0.2009705081760907,0.1991744840198704,0.019921155055278028,0.5798422184242595,0.0203941664004499
89,0.19689253323233752,0.18161200082976844,0.17431771794472206,1.016595856270646,0.18161110696256336,0.18470063299731151,0.01941372679895378,0.6634836206321403,0.01889120167493239
90,0.20398091821240677,0.21058000928902768,0.7277562561145781,-0.17754132675215917,0.2103242823371817,0.21125629153773123,0.020162842278486696,0.5767023271876235,0.019923210837417035
91,0.24678346089890904,0.22809557641506187,-0.37211570172931085,2.3661981607072264,0.22836565612788146,0.20343297764718735,0.02059468157870427,0.7543958937681112,0.023122911028246245
92,0.20549727049171562,0.2064229755426288,0.49861687184398273,0.3346367961021484,0.20625491024996429,0.20017574920029585,0.02005808895364963,0.6583430197612029,0.02248773535241963
93,0.2067195689151082,0.2067839040588324,0.19852230548244212,1.018820446959073,0.2067939253964946,0.1924402058423505,0.02006721934436704,0.5812991750764357,0.018574947014839315
94,0.2256583731205845,0.2276913093834465,2.3555823033490606,-3.848372291541151,0.22737272576837156,0.19495141103660762,0.020584883880960567,0.2883459164300871,0.024416834907724363
95,0.1667020091887987,0.17517075713397678,-0.2854790218568289,2.0485304986013095,0.1753221342881395,0.197437024285118,0.019240822242100976,0.565982062355018,0.018600471258249866
96,0.18654367845211933,0.2084209900026524,-0.12773333692662786,1.7651556396204295,0.20856935753734082,0.18167245068072801,0.02010854804656745,0.5754240138229814,0.020571696614577306
97,0.2000343530009647,0.21095408068282082,-0.5910343487474976,2.8254881159592333,0.2112695257438336,0.20291780803265166,0.02017222504216462,0.692525921489567,0.02105915535230413
98,0.18283817106852435,0.18226560969945077,-0.11471454331268978,1.6759835151322415,0.18237620381442451,0.18239549480677275,0.01943113813887979,0.6756463243750541,0.020484177394793777
99,0.17753513658128853,0.1856987577999537,0.2507171720892299,0.8519588204231069,0.18566027271869812,0.1893949909167713,0.019522194265371353,0.668432665855095,0.021159884341386208
100,0.1845565476126825,0.18093261418205897,0.8361766775010812,-0.4908172652658996,0.18081305400862532,0.21312123877879333,0.019395602865317572,0.6723778801887329,0.022605326029466122
101,0.19912846333746292,0.20869019648245285,0.3912446528934305,0.5845696208995923,0.2086516856690128,0.20568004629759254,0.020115331008826814,0.6434242211276642,0.02323427704715241
102,0.17243383696226508,0.17692211673214953,0.07495238560628774,1.2321379477368917,0.1769852356703196,0.19836128383946983,0.01928807319363724,0.6003489382818646,0.020589714467536827
103,0.20557452722991076,0.21371144667008657,0.1398653593856288,1.168133080735378,0.21376599025732224,0.20582857667934454,0.020241168037165445,0.6580663885196695,0.023327113795941896
104,0.17490316883742074,0.17890582052863355,0.23044720496849813,0.8826860264442773,0.1788897198322659,0.2003668335231671,0.019341376659410447,0.6755457884874186,0.02069257179062747
105,0.18394051241597748,0.19010148350988818,0.9472344243367489,-0.7219147087414742,0.1897890161134922,0.1921564047613299,0.019637996919498055,0.7857434266546421,0.02193246355072588
106,0.1957575633281207,0.19851204709116865,0.7121337908789215,-0.16874607816516943,0.19839723122412983,0.21544174336540992,0.019856253063312165,0.564395791122705,0.021996669548689052
107,0.19329931225421523,0.19705870782957424,0.4991784189347434,0.31255006977338035,0.19701022745132982,0.20549330413745107,0.019818812381159737,0.5429878349279555,0.021003404419732755
108,0.22717458521025108,0.21456953390289749,-0.45653140362904543,2.527560489699689,0.2148406799803521,0.20751202965065643,0.020262544490235568,0.634411132728464,0.021097190704123973
109,0.21804190776854324,0.21717551409971547,0.3324759234717654,0.7377212968705891,0.21718802407882326,0.20606098362527794,0.020327237391669018,0.6188280121815627,0.024347200702546874
110,0.1863772466535167,0.18393467782872067,-0.3951112221828586,2.318025481456196,0.18414898739629657,0.2000239146200183,0.019475489631839784,0.5896923980945906,0.02033918873246881
111,0.2001360211847101,0.19722675795589087,1.007046784790256,-0.8424812984027876,0.19706380239904933,0.2037252619565506,0.01982314745519665,0.4509833489553678,0.022475229963585825
112,0.18727036153719642,0.19336464612569446,-0.5798762165502533,2.7600512153610515,0.1936591562930575,0.20339393668063402,0.019723133853992204,0.6342482399451042,0.020714863367962005
113,0.2122063313530093,0.2159824782873443,1.2340298419656925,-1.3498159359103905,0.21553152517028717,0.2097350099012292,0.020297662732567934,0.7050448737961295,0.023463737522432693
114,0.20427549357664326,0.21013477913270398,0.6348265707883984,0.03323081112928428,0.20996594104448194,0.19961569156748804,0.0201516653380949,0.5494659894472482,0.019697657614269573
115,0.18901375690229041,0.17783900462555435,0.7554614823627815,-0.3150716362761603,0.17758753601399985,0.19858350610944198,0.019312739007258804,0.6626367965588321,0.021555846074923952
116,0.23503533931933743,0.23035387176237287,0.7490057747157653,-0.18080329849267257,0.23009990039150566,0.2035992017916574,0.020649269210017564,0.7198838160597846,0.023550696067400213
117,0.20241979644889208,0.20990229362452595,0.37014659242413994,0.6353413239167266,0.2098681387402639,0.21206805361794037,0.020145825054676998,0.6755900328891291,0.02266074801552093
118,0.22555348494464683,0.21847883515642808,1.1323800308895724,-1.0796312796588352,0.21826053373333384,0.2119837614901486,0.020359464895007732,0.552821632537441,0.022414241389633167
119,0.19970460730390688,0.19503665051832178,0.05168338383000445,1.3263147475931725,0.19510539075726832,0.20339268133523325,0.01976653140117882,0.6351056536314569,0.02167574160325145
120,0.22423793418381457,0.2150439795482218,0.17263273731963616,1.0966182551718537,0.21510178030502544,0.20389077244545895,0.020274347848092948,0.5652170798791748,0.023901110120261405
121,0.18934139666128538,0.17323735612700758,-0.18685086159532738,1.8196340109031621,0.17334769773158146,0.202668059569987,0.019188450512393353,0.7394836021759738,0.020984843406178046
122,0.18849672344794663,0.18536253404202208,-0.27297357637906133,2.0432625560008875,0.1855157021224013,0.19473245561772207,0.019513306166998205,0.6276213836167432,0.021653870871535644
123,0.17961447154896856,0.1801695325966227,0.1009586126899712,1.1802960663633868,0.18019442348797907,0.19884497710977367,0.019375214632677124,0.6660093738095642,0.019758424481716864
124,0.1746483015434561,0.18114920297555306,0.4389426747543261,0.41315257071321065,0.18104771068878558,0.197862228352491,0.019401383655846545,0.610018817528632,0.02167766921926343
125,0.20613843495552753,0.198793849404131,0.5719406357451657,0.15044550693352263,0.19862323188509404,0.20162583402171894,0.01986349971534755,0.6161376163027849,0.022446777217034922
126,0.1793382861762149,0.1796478525655712,-0.6153341409140964,2.8095367333961154,0.1799428351407865,0.1949237200164739,0.01936125695647423,0.645880041188776,0.019908792114092834
127,0.18911262295931486,0.1966595538612889,-0.17338684997919465,1.8422972931519144,0.1968020189326943,0.19633683230629173,0.019808509590769376,0.6210303793936459,0.02198647617533672
128,0.1698573839014006,0.17559720551351554,-0.11753896294708849,1.6672314690711272,0.17569929937856507,0.1996369618650582,0.01925234419196863,0.5824886772027633,0.02169707845111468
129,0.2110518734663076,0.2031024074126769,-0.2901147064053752,2.122658979904547,0.2033016284773069,0.2086731851641741,0.019973770470526585,0.7618015823616395,0.023350518122899972
130,0.17670257730684277,0.17266788935982197,0.9401253803039502,-0.7465728004612133,0.17245526302418718,0.1947476270772482,0.019172982725362407,0.4917717023117438,0.022170617592239854
131,0.20574047435200732,0.2070877595281175,0.8552424120072042,-0.4755666130028814,0.20680656335868083,0.20503686945637736,0.020074900729021166,0.6687600711818431,0.023499617507026508
132,0.1905756795352795,0.1975393159936639,-0.3409009792826056,2.2255984082348474,0.19772605825424858,0.18785996904791272,0.01983120626557563,0.6736754426058785,0.02350217765666652
133,0.2002992910782215,0.21083299904252348,0.39501653893960104,0.5807711615943689,0.21076604894661455,0.20029292447939348,0.020169188755266042,0.6960967360530562,0.022360609454498782
134,0.2174802461364016,0.21777106724397746,0.13454582050673836,1.189457380491201,0.21781480982861803,0.2001411587383115,0.02034197424300526,0.6643537467835862,0.020662527180796253
135,0.2353866646676345,0.24676585573252374,0.4243390052843239,0.5958474752818584,0.24670395259450978,0.20270432071465902,0.02103881400107788,0.6049992967377023,0.02363930069498406
136,0.20773279333928127,0.20408872631878883,0.5325107750630934,0.2521089658639121,0.2038810869782523,0.19195772044256904,0.019998875997128605,0.7270635842029929,0.022705105261214668
137,0.23075926921932868,0.20789441890542384,-0.316946626439475,2.1946471504498906,0.20806023942280696,0.19814121078977576,0.02009526970171743,0.9002235529132078,0.023292597672659433
138,0.1816749670020711,0.18034100157076635,0.1087535186748936,1.1629717717939252,0.18038123834668976,0.20056152742622546,0.01937979890516129,0.6658014716189667,0.020363751924946674
139,0.16928284953861403,0.1660122888524911,0.17883646491994049,0.9708323332311877,0.16601767684548027,0.19787890820909446,0.01899076367879667,0.6392245631869431,0.019828713232051515
140,0.18615234181161103,0.19469837004691407,1.3571725410138844,-1.6535688162934372,0.19444429462301985,0.1985837408685371,0.019757763454239734,0.19336066814266545,0.0233140440946202
141,0.22533200307629908,0.24238089950120162,-0.015735213414299815,1.5875276482746454,0.24250267655075256,0.1955420596168542,0.020935948773549068,0.6925330912528559,0.0228785447672849
142,0.20097469078317487,0.1875918584492665,0.2104231209639681,0.9480447046309645,0.18758949287601986,0.19249544552475492,0.019572120044275318,0.5507531510295618,0.020106674296716108
143,0.15196085838879503,0.15842006915551438,0.27098240091495124,0.743810933622872,0.15839400817769675,0.20032675587970208,0.01877959104893744,0.5279650363795252,0.018415569910226054
144,0.1737648609451267,0.15853760629948077,-0.26848920265282245,1.9719946080156407,0.1586678583029849,0.1886555831112437,0.018782887715747196,0.6184868351090852,0.02115286101412898
145,0.18686064465974733,0.1953217109279812,-0.28614580356260777,2.095913166676022,0.19548669159877832,0.20028563270638902,0.019773915112972905,0.6574652870827952,0.020905800238276356
146,0.19166728664973656,0.20354128982618236,0.7500602726803184,-0.24370923502283515,0.20338669493631215,0.18893632074459507,0.019984947977909156,0.609003798198051,0.023216995065745472
147,0.20528680135669866,0.223264298200205,0.27147984723818785,0.8903025362429321,0.22326551623498164,0.19786645397468902,0.020477076487662577,0.6971256054444254,0.02758899907261867
148,0.17932792634515032,0.18198833786929675,1.4316508374411405,-1.8387383462400015,0.1817156275125411,0.19068578833673347,0.019423754937395628,0.07331249624048476,0.01902579098048451
149,0.2051804737074911,0.22174999335719664,1.5883709918376334,-2.072458409775445,0.22127625897085615,0.19512659401394308,0.020439981309580035,0.6791897036901268,0.021396918409341385
150,0.18055543712885175,0.17920018010888414,0.10293223591095359,1.1735645881752457,0.1791998152716401,0.19117378607159122,0.019349266858249645,0.7503832148404102,0.01993613992804699
151,0.233834229467489,0.22918990417212032,1.3967553094510974,-1.6541162293655178,0.22866303377548283,0.20048171416289567,0.0206211641251317,0.2254654573585394,0.023394987670491904
152,0.19312773064904595,0.19511539834245237,-1.0352190005682969,3.800485769420398,0.1955813126557984,0.20334150868168585,0.019768571588675416,0.7036843803759416,0.021349201283094373
153,0.19618113701965795,0.18776668637135632,-1.425168130901925,4.6713596065181395,0.18835459414840425,0.21151090320177052,0.019576720576384425,0.825968001753757,0.020608645360909995
154,0.21393561681682363,0.210324081753237,1.9224676238797083,-2.9009062148985687,0.20992192345393104,0.19850033656725025,0.020156418779228358,0.9183233604367993,0.021294778905093945
155,0.20891524403112707,0.20448686431880794,-0.634719015274936,2.91019991323452,0.20482206046359444,0.19015637335587451,0.020008995673377303,0.6491169750289569,0.021150399988767287
156,0.22471464744219005,0.23082800013271668,-0.08366655667895233,1.7158503598623165,0.23096719942460753,0.20185634729192234,0.0206606990057353,0.6833960164814844,0.024918943967544863
157,0.2076755282339184,0.21631992727671226,0.7998658705418553,-0.32859017028303045,0.2160455513091451,0.21154232135886208,0.020306035107722577,0.5535768597027553,0.02017756161685884
158,0.19110374684212494,0.18365753391986997,-0.6563756075202627,2.912084559078116,0.18395297267333305,0.1990119548586539,0.01946813615420356,0.5987005062451588,0.020868918458151565
159,0.21376215344892086,0.20429243145265769,0.1852255650546378,1.0434547386896333,0.2043252724932049,0.19548959334593613,0.02000405470978934,0.5997712311433987,0.021056236372534988
160,0.2081393298604243,0.20484141805528483,-0.45663420204056865,2.505651205645567,0.20508955444368374,0.19751541490936708,0.020018000573512672,0.7834569163160094,0.02133051466359934
161,0.19809570892823666,0.19336356004108549,0.24707499067841626,0.8777537055296272,0.19334878491843693,0.18474626004433997,0.019723105614768935,0.606279966957412,0.021969345826803616
162,0.2022105356128933,0.21372410177022164,-0.5433542429435171,2.7232659691406838,0.21399677642555873,0.20207136049901833,0.020241483567561034,0.8177011483681272,0.02375923052006379
163,0.1768628021615948,0.18289650568478355,0.774116542605666,-0.34558018791114903,0.1827232865801099,0.20129092888209146,0.019447921316538542,0.5085227406265292,0.02304271112145924
164,0.20161672791989455,0.1864878443637508,-0.22795084850829953,1.9433444706079421,0.18664225440198393,0.20164833991301195,0.019543028860341934,0.7112105527092007,0.021313394526635564
165,0.21628730458994364,0.2130970141309285,-0.6968537903603605,3.0712283115875385,0.21345505965606143,0.19608443838875278,0.020225838621298706,0.6599657659116062,0.024039114788340886
166,0.17617507107697072,0.19067803586982734,-0.003696652690713329,1.4424386302444459,0.190768373140568,0.20165152321619054,0.01965308193940081,0.5953155953028922,0.020329444676221296
167,0.19541460560740329,0.20407432544035536,0.06262052884439746,1.3219527761618104,0.20409959207248715,0.20259726430626565,0.019998509807295523,0.7725235127980533,0.022043803347687393
168,0.16521370968007798,0.1624246306829311,0.4257224939556508,0.4008633823542195,0.16238297134280863,0.2002702826392276,0.0188914215944094,0.6186646758199806,0.02172627216149104
169,0.20450050859270846,0.20538762005857647,-0.19411014957532505,1.9093361759152068,0.2055597858470087,0.20828037721400947,0.020031860092709578,0.7104397199176621,0.022698952974989264
170,0.18269052483892004,0.1857502945569452,0.18323942295823123,1.0055518823606562,0.18567856659399992,0.1863956343206193,0.01952355608075743,0.9650449437874888,0.02209844315253993
171,0.18101095846004336,0.1780389045789428,0.840269984735913,-0.5075178046604636,0.1778009764712488,0.20875018279219928,0.019318110156517188,0.4950882089026907,0.023769572690344725
172,0.18098137661098126,0.1781724249733464,-0.8383600886623159,3.3138325257637002,0.17851704226701898,0.19529533867516424,0.019321696448456726,0.599977383558629,0.018829629163267542
173,0.18936074086682872,0.2005206686033822,-1.151982706275735,4.078567584472498,0.20090597277507746,0.1927962256894561,0.019907813064975275,1.4733578476005724,0.020762227913764874
174,0.19078865964448607,0.18614623742486866,0.09932881803207318,1.1976176692838107,0.1861776182839199,0.21861410724482938,0.019534013556897493,0.617439510245352,0.020279266253082063
175,0.17782577048011364,0.17128646951329168,0.1858112668790341,0.9669483033857144,0.17128577746539156,0.192387166913056,0.019135380647165853,0.5104136095513057,0.020217981967121136
176,0.18934751785770734,0.1854536622895642,0.4218400291121849,0.4621060816124236,0.18541358441875924,0.20178976574376437,0.019515715777324267,0.5635989767610834,0.02040706788094832
177,0.2098203862269246,0.21969299979945273,0.6640473265728902,-0.011463388733606621,0.2195256110344828,0.20255726784095046,0.020389411994694427,0.5821334189767741,0.022888320733369123
178,0.19804365374396335,0.20599862741308025,-0.1898239769231215,1.9009723879998817,0.2061670002847935,0.2033165623628039,0.02004734559712913,0.7249004974447136,0.021792500703485228
179,0.23082549036351407,0.2278098278672055,-0.7922152808160451,3.321780796584381,0.2281989529142702,0.18761271999954912,0.020587757072431365,0.8036961227922477,0.020997298080812004
180,0.1804056795075395,0.16697466028571176,0.3945968734545285,0.481972982148151,0.1669226107826192,0.19682822381733653,0.0190172773756036,0.585337601301147,0.01810784276410848
181,0.16326780480756248,0.17017218114000152,0.6991117387856705,-0.20434578098363393,0.1699472150784862,0.2076568063989278,0.01910496681810365,0.6353102797340275,0.01940212550055188
182,0.17657502900694577,0.1739071440801409,-0.3749150367835396,2.249227440826027,0.17409651920840696,0.20733091496614833,0.01920661862626369,0.5540517340448811,0.02242670967323439
183,0.19932714784964947,0.1974307477847781,-0.1286841181526413,1.7423043831255276,0.1975536244709941,0.21131481963576165,0.01982840760214979,0.598550279173827,0.021619210848120143
184,0.1746813028407628,0.20068142030848088,-0.16611981718028768,1.8349166960473167,0.20078213422728378,0.21086616376269574,0.019911930183469477,0.7154060012376027,0.02431466415965278
185,0.2003720309460406,0.19363442545341875,0.5231919233176275,0.25022363014629706,0.1936036330473762,0.2117951737740228,0.01973014637806739,0.5256834481733315,0.02012151209531015
186,0.19565824550832187,0.19694997999959263,0.23895406046465686,0.9044954759171562,0.19697553244182248,0.19850153362331127,0.019816006794760973,0.5913602919005495,0.02256374050745256
187,0.19015404171885059,0.203927373441454,0.7496313876926755,-0.24236582317752509,0.20369408312890985,0.19810246920863542,0.01999477244746375,0.5405940995756461,0.02282752572727114
188,0.13934968645819257,0.12965153244512903,-0.7041144366682737,2.8978159927053433,0.12987534139795517,0.20262258181055462,0.017945239281189584,0.5185880664096414,0.01679467210541197
189,0.20014474537553278,0.21039655784058767,0.15512366223348828,1.125736921371446,0.21037438353516716,0.18892948517622826,0.020158238188857973,0.7042676954461738,0.020457291058420347
190,0.23038539361409352,0.23036291203926287,0.42961530463634484,0.5465993560680906,0.23032531509170937,0.2014718507193655,0.020649487243537715,0.6114911585487921,0.022191810621440947
191,0.23972555760436418,0.2336298317332494,-0.3667941237801388,2.366687712282152,0.23389777728196604,0.20408582846457937,0.020728025428159085,0.8016653574262572,0.02300538223603173
192,0.22622695018273675,0.2533615838366865,-0.6850124006439219,3.135923420520983,0.25370708031814604,0.20703715739364303,0.02119191716111635,0.9277140141271856,0.022057683932161322
193,0.2294162140005055,0.21616961467761087,0.07623743871818295,1.3185124933433956,0.21622174257975874,0.19224510184451588,0.020302306437315846,0.7175868193242368,0.021639172754298087
194,0.2196261168563696,0.2155408427104401,-0.23704884842998278,2.0301857280361704,0.21571634351022875,0.20386996035461952,0.02028669679383045,0.6641135745933494,0.020527294111097973
195,0.19175655043968196,0.18324431630937088,1.3534311576105162,-1.676166575512472,0.18298848405359203,0.19115961848172577,0.01945716413092998,0.30449731004660513,0.01943736564663074
196,0.19269550788208573,0.19036645049177145,-0.35473257497348254,2.2407571644961273,0.1905612776127436,0.20419802732528666,0.019644931842384306,0.6081030808217609,0.020885165457893394
197,0.22223980922080622,0.23217348973675966,-0.14505982690797584,1.8586597648836112,0.23232474263837483,0.1967535675695624,0.020693076634172244,0.6490846907195618,0.023227568355589822
198,0.17618965005102905,0.1806107317324955,-0.09838659842845088,1.6350522456345291,0.1807269012142012,0.1921139308288653,0.019387006797384036,0.6814269950136065,0.021893934656654287
199,0.20345576538070484,0.20884101608833974,-0.039377289196267935,1.5649933896297026,0.20891967786505444,0.19550145903025182,0.020119129450485742,0.784328043566235,0.02229966528152681
200,0.2177301150316251,0.20192424198080117,-0.022126160430750073,1.5099870434949474,0.20200784950588083,0.20847495446596973,0.019943714733303662,0.6420421414518009,0.020673009112977585
201,0.19857151458588385,0.21368679914456537,0.5477446014911174,0.23975823355690437,0.2135915767592876,0.20752816567285196,0.020240553475680684,0.6143466812680861,0.021799192197356
202,0.1966838457636857,0.2031515627907603,-0.9044275379930247,3.5210692025531873,0.20356613319431913,0.19835643014183943,0.01997502286814947,0.5838492211805333,0.02146547641877796
203,0.16685100377393625,0.17194076644196316,0.6517145312151672,-0.09213134530070864,0.1717714465481924,0.19953845094396502,0.01915320469894883,0.5744783994137118,0.020447678073404654
204,0.21219485486873366,0.20667269349930434,-0.023892073105681803,1.5248153266147904,0.20675801531157126,0.207620007531157,0.02006440677606646,0.7273839417896638,0.021042971677016957
205,0.22101556057375657,0.20436996881722097,-0.08267594291312311,1.6533706547134437,0.20446581920250853,0.20769299250253292,0.02000602534038793,0.7882450820538531,0.023723615558188922
206,0.2288630975168635,0.21185486483672283,0.23860300065064963,0.9391941560596255,0.21187631513520505,0.20847217969136966,0.02019478998367945,0.7095252366021753,0.02195289233851695
207,0.22071544940301896,0.21113552711119396,-0.25915444389373277,2.0704760997895097,0.2113256136915567,0.19000939551554227,0.020176773658767123,0.6777978888309043,0.022981335083573896
208,0.22368977756394748,0.22168164358539358,-0.6342708309174974,2.948315822545074,0.22203334854358917,0.19733673888895098,0.020438304332401482,0.7418768766623575,0.02366192805619721
209,0.16517559990836514,0.15811953520128508,-0.0006352731210265406,1.3613600412999727,0.15818174872047103,0.20395260120093225,0.01877115773942833,0.6008789280087549,0.02005561881114078
210,0.18568605538989025,0.18147177607435536,-0.46602948494168805,2.4738424806637256,0.1816999470590538,0.19575176540883787,0.01940998820136418,0.6378951820638383,0.01948486588001225
211,0.20195323117352348,0.2105897374323264,-1.754636756425755,5.4732506743031095,0.211316479908464,0.19146571813931004,0.020163086378162973,0.7864540474957855,0.023476834884795707
212,0.19790489471049946,0.18908396689025975,0.8162172838395401,-0.42713949850874317,0.18892351674016092,0.2044478440057567,0.01961132958078607,0.5686361699673855,0.021834509529346634
213,0.21655343985474157,0.22143711028506471,0.7500930607866131,-0.20371368964717917,0.22115057630405685,0.19013969383117998,0.020432302776335422,0.7833636196839202,0.021469348621522156
214,0.19421605757094093,0.2106157398661078,0.22487147078041783,0.9675993824675898,0.2106307223244338,0.20978027772052993,0.020163738810463284,0.6469476168860725,0.020671345670112938
215,0.19631008189901705,0.19911820564348498,0.39614838305529565,0.5513307061249741,0.19899823782925502,0.20154043918988673,0.01987183540740291,0.7522022855085154,0.02213704165765624
216,0.1716057821418652,0.16700801718294078,0.6113291783452356,-0.011778435973495647,0.16680197076258158,0.18989243385106616,0.01901819535864217,0.6159866879006408,0.01998102416211423
217,0.19128268510716454,0.195952206888033,0.7498906535151282,-0.2607712301587106,0.19576992667836723,0.20267935284658573,0.019790230771020486,0.5652228466764962,0.020212006530888747
218,0.21057679860110076,0.2109317513037516,-0.12640533786922975,1.767846754663089,0.21105884979858092,0.19368007568625692,0.02017166515883182,0.6779421733407645,0.023169690264429638
219,0.1811525506057605,0.19069191520709664,0.566882752660054,0.1434075618466111,0.19049737356999963,0.21092481899297608,0.019653444854770948,0.6459705774072985,0.022182500682392622
220,0.18648900775245217,0.17172253103324522,-0.1556010580947061,1.7450562554484987,0.17183341541450697,0.1970464804468342,0.01914726246991041,0.616855043987547,0.019549148804149402
221,0.19088921646040058,0.1929475967705039,0.35864189415467834,0.6227985809821637,0.19287795158525473,0.19801589530286298,0.01971228544290092,0.6269063053886474,0.020856336278244035
222,0.18020463264943276,0.18481108623937173,0.5298947683987945,0.2147125738605014,0.18473394432018647,0.19793934911566394,0.019498714813525077,0.5745607621382446,0.020611202229968328
223,0.21402455730839526,0.21476635893266763,0.027759182924279386,1.425671470232258,0.21485012462662528,0.20489208269538486,0.020267442517988253,0.6920230446090745,0.020462918448446547
224,0.18833223777012303,0.18288268523346546,0.414825071731359,0.4720622300141967,0.18280892853704775,0.1954508319952046,0.019447553905953808,0.4927373489367593,0.020923608772660987
225,0.21983704513721808,0.2025829361177434,-0.03032283778369263,1.5301392857807576,0.20262177656178124,0.19308117032084707,0.019960527439399717,0.863391007861704,0.02061105845242602
226,0.206504474860694,0.2263556023411915,0.7839924506263614,-0.2688833791783135,0.22621033715024164,0.20804957740275776,0.020552456248701535,0.6771538565333374,0.023297647292573533
227,0.21016317649848562,0.2338467325450052,0.4635169894425583,0.4770948806741932,0.23372090224372727,0.1971199325191027,0.02073322199790551,0.6908458640830706,0.02340951588940759
228,0.16920963955550794,0.16882408750566236,-0.12175294180368694,1.661411225095006,0.1689357720930612,0.20928583420010607,0.019068071751755043,0.6581476644912356,0.022765342079321137
229,0.20095569582787795,0.19880673295908954,-1.0147838257795057,3.762372469803484,0.19926118744527785,0.20191390802228376,0.019863830919367227,0.6659124165036625,0.021020271894696647
230,0.19949842312147426,0.19059636364566312,-0.26051619713809193,2.0268219576936266,0.19076854463817552,0.18713197705789075,0.01965094616796468,0.6689721738315629,0.021362908251575392
231,0.22552298991783062,0.22562950137624985,0.020048897867960873,1.4679422057923148,0.22570990671288843,0.1938807022378632,0.02053479226428676,0.6966722792670274,0.022306566608146765
232,0.18344016017779688,0.17579923941419986,1.4868651344741806,-1.4084122783078867,0.17543243128113845,0.18979326695670007,0.019257799098015574,0.7188427272686002,0.019666430760080678
233,0.17549875448209767,0.19134055268330039,0.08289393185237014,1.246842836483115,0.19137558254815482,0.1937384820197333,0.019670393517727612,0.6259292818745985,0.01975327583291213
234,0.20360180903667938,0.2080268161232146,-1.1450093684942593,4.0797812147209065,0.2085141816535271,0.19763593415654923,0.020098609657313873,0.7021345218371492,0.021690052077734584
235,0.21920609180824022,0.19957508988568112,0.372907355312018,0.6055953897279447,0.19955131685086072,0.20536507807605228,0.01988356744332597,0.5982622460450662,0.020897509910334743
236,0.20468484041515658,0.21008249877092508,-0.08763034403165562,1.6776504655937856,0.21022449083962133,0.20284053777095998,0.020150352240796105,0.7571671075670536,0.024384670971219193
237,0.2126368844087201,0.2127194836834859,0.3830910132935123,0.6122498791839341,0.2126740286797581,0.20140933980179282,0.020216410181889945,0.6341125621141964,0.0228298103378453
238,0.18163008345051065,0.17482030099442422,-1.1644394032975058,4.048420837678475,0.17526377367238033,0.19773005841356128,0.019231345481396434,0.6386437246608493,0.018481921965160214
239,0.211804903008468,0.19978100582986807,-0.042370137255167944,1.551186539406539,0.19987637231618915,0.1969603639051915,0.01988885139128489,0.6302688944807457,0.02079341923048876
240,0.18941329033521198,0.18930696558098503,1.017384394339115,-0.8859305668018075,0.18896687524917305,0.19871009017276967,0.01961717889629811,0.43937686511398494,0.01990472790009639
241,0.18662347587065778,0.1833970663862316,-1.0253832888482903,3.7514277358621477,0.18374302616905228,0.18921916707277575,0.01946122118008562,0.8651424678684365,0.019453856749338777
242,0.1636749413185668,0.1630028240152197,0.20217683194099345,0.9108201102530186,0.16298642627458299,0.1881668057472855,0.01890748542754269,0.5938310691793384,0.017595648158187784
243,0.1728829624156724,0.16793165249440106,0.45633122215554417,0.34373912305398524,0.1678818927153164,0.1894196403913656,0.01904358697703365,0.6293128366540817,0.02081519016671756
244,0.1450740788951382,0.1565278679121716,-0.26601300774880315,1.961787445503668,0.15668086908178758,0.20726788511409144,0.01872639833863434,0.5528658887976808,0.019580428492169167
245,0.19559976289492687,0.19840868946158619,1.1930280309636365,-1.2653676588622758,0.1982074631313363,0.19357356908948084,0.019853594119144242,0.43985840690491973,0.022011910728679827
246,0.2305713710187175,0.23710322070325895,0.1460898024445843,1.2071663388380407,0.23713944563035633,0.20442418550486804,0.020810977154300116,0.6751425998922802,0.023493735237005892
247,0.1627684790356441,0.17385985468028492,0.7239484605206097,-0.2522767097805209,0.17361438510935823,0.19785999507316532,0.0192053367635753,0.6058071606883033,0.020438307915551693
248,0.1928718314075271,0.1891740896863847,-0.6388423519561873,2.884732563954047,0.18941711019375418,0.21649289978059316,0.019613693858065596,0.9144464072106224,0.021744615747088143
249,0.21084838235909456,0.20316535696725038,0.5256841706134436,0.26595866905007737,0.20306890476340572,0.19477879012552438,0.019975374298117264,0.5462563570678369,0.022032950053209415
250,0.17719110883423528,0.16954971712954742,0.21737403936858027,0.8909574437393126,0.1694673531212824,0.20320845155100012,0.01908794461471669,0.7388273979293285,0.01994407358657069
251,0.2254179358602577,0.2214834493602127,-0.7405678601882051,3.189817142453639,0.221861828476786,0.20261634409455376,0.020433440296833603,0.6855712571588278,0.02129032948316597
252,0.20868830782879846,0.20037552264134204,-0.7899476183495273,3.254170322755495,0.2007390129388266,0.20874003380640874,0.019904094457757593,0.6120463771297979,0.02067661473516305
253,0.18245442192086064,0.17670415143712773,-0.510992990283039,2.5653384314475227,0.17693443031963874,0.19876907971357125,0.019282202356055374,0.550827723976666,0.0196475615166667
254,0.1983148685053135,0.1901190075090868,0.17713661163040875,1.0295173000791467,0.19010805968466366,0.20607139974315977,0.019638455691083894,0.7098658888852467,0.019349818429665915
255,0.18736878916591682,0.19804192488856034,-0.01996177534028308,1.4962233245636518,0.19810006710711536,0.20101623970865928,0.01984415424214723,0.7009555490081529,0.022418184489237027
256,0.21015424248440165,0.23154352801326425,-0.26678083417473036,2.1342858711050816,0.23173668749254936,0.21500960389124382,0.02067792801581529,0.8010890325907563,0.024666698467224427
257,0.17808739514720445,0.1781924268718817,-0.3784386234541032,2.267003989515149,0.17839700932510583,0.18706291207005543,0.019322233600475698,0.6446801474392153,0.01934515564030125
258,0.21647895041768161,0.21100404028886868,-0.20652355238427644,1.950376604651614,0.21115142397721853,0.19125997955166632,0.020173477629374964,0.7335946388924587,0.021699823430268786
259,0.18516705656302015,0.1981038658087783,-1.330274689901688,4.478894144993427,0.19867156934833552,0.20188252658532638,0.019845748998227684,0.6645453556384843,0.021901430332233268
260,0.22238671470264168,0.2279781556656661,0.20024470445643078,1.0631769571761713,0.2280133657102567,0.20359253976004563,0.02059183661121697,0.7794972321291107,0.02312895954847026
261,0.20671029338405764,0.2076864777378302,0.868782190050743,-0.5044580111512217,0.20749305429648307,0.2073814390949395,0.020090022190029182,0.508576175835883,0.021214234789268684
262,0.18576002844651263,0.1931444213332377,-0.20890360369446753,1.9151412578063958,0.1932145361874387,0.20250288548414966,0.01971740648501289,1.0337981677606032,0.023053709549978325
263,0.23364032253121853,0.23222269283224115,0.504711694614149,0.3797861086203051,0.2321252873438691,0.1999111934144364,0.02069425902560817,0.5739502692450312,0.023111585759000627
264,0.2027151165888366,0.18779039404930137,-0.03307476124509524,1.5027322627966972,0.1878628819321289,0.1988634338912719,0.01957734430383568,0.6204333066739495,0.020400137285294155
265,0.19467456526538632,0.1976964588205645,0.27210772249193366,0.8304447593241961,0.19760787753843928,0.1907259015332017,0.019835255961562152,0.7110189156430413,0.021179095875136392
266,0.20889499257020733,0.20672428238998258,-0.23718113826650708,2.0104152847293175,0.2068955084976724,0.19464386295101407,0.020065711563492933,0.6726810414036569,0.020115766019162595
267,0.19268812373921734,0.18130370845697735,-0.32341038402626276,2.1488314463399063,0.18149218016682372,0.20438974408659247,0.019405505789249624,0.606392423797197,0.019005888532833286
268,0.17104388984293833,0.18075226885029474,-0.43630970609083425,2.4045579809634217,0.18088797874189777,0.18548865133000014,0.019390787365478824,1.0956152517206665,0.019479754726599546
269,0.2116241444408243,0.21381178595288833,-0.7754333864687212,3.251715592281381,0.2141263638698064,0.20239225999656427,0.02024366958070607,1.0731753768153,0.023264632685097642
270,0.195899239239469,0.20670962537169837,0.13825937999552676,1.1557231772440626,0.20668117774741723,0.19330828300598452,0.020065340871868606,0.7122970922793211,0.022353221353568875
271,0.22611366963520943,0.22286429208576436,-0.4637739112528721,2.562926482404062,0.22315671173459123,0.20889466484822247,0.020467288624981206,0.7368073768524764,0.02200637888852517
272,0.1869230930344369,0.17094448790679875,0.13368609466227868,1.084773493378301,0.17093822372119294,0.1958192619096029,0.019126054371118837,0.577180139573043,0.022953335187941477
273,0.17949949453428812,0.168861993904039,1.0899425895904742,-1.0960743328994105,0.1685327989050086,0.1901148101230693,0.019069110682718843,0.5035791025453912,0.019956793808391503
274,0.18200287562423667,0.1886394580681472,-0.0036950442269621533,1.437795236353119,0.1887261396582241,0.20612837796145925,0.019599661759429357,0.5996045098212965,0.022170359074618683
275,0.1783113806476207,0.17994924393233064,0.3319226850569103,0.6541601885300417,0.17992273610109943,0.19244553616495533,0.019369322668260646,0.6602380206083488,0.023122353343551224
276,0.16273586596875192,0.17131440924733957,0.5412279181457432,0.15832898301541676,0.17126036433781666,0.1971757144847734,0.019136142290603644,0.5805128025880704,0.021714906852094654
277,0.18632362536095776,0.18968900561860016,-0.6445839607780435,2.8989717535328667,0.18985907751834527,0.1931472646128605,0.019627193502193167,1.281491900109273,0.022073874453849472
278,0.22042663500584608,0.24409027490902488,0.398368565117594,0.6488133470557426,0.24402130355832327,0.20970684828577205,0.020976152043225237,0.6259557581482704,0.022515008922041866
279,0.23799729560807473,0.23795333956759984,-0.12585153725699197,1.8280931863077114,0.23811939013876932,0.2013862421696846,0.020831194149069473,0.7150055337753884,0.02161672915404511
280,0.2123253557047621,0.21607479424349724,1.1535938236071572,-1.1343887258664465,0.21563633426519968,0.20323056193434966,0.02029995373019959,0.5322602738938628,0.02306738670438111
281,0.22371132900360374,0.22817084353692754,0.12460794371673685,1.235740271492818,0.22821745158776505,0.2010157312942236,0.020596504865564587,0.7330759050882281,0.023620464812013065
282,0.18976582681988285,0.18404395442537477,0.29948174856059673,0.7371559803985346,0.1839798202775376,0.19188095762434645,0.019478387878324403,0.6527131708443984,0.019776327969393673
283,0.20714818293755596,0.22361559671377557,0.28528140169829164,0.8596393178635345,0.2235924189762446,0.19848157560081897,0.02048566607649588,0.5637463221683058,0.02141148726944918
284,0.1970935526420914,0.18763512422195622,0.09988564334446112,1.1996886072693744,0.1876307523502509,0.20160055847057637,0.01957325872593185,0.621060183996337,0.021847292952720872
285,0.19121250869177084,0.17567918896417048,0.8767245113496103,-0.5951167788703349,0.17553707105322613,0.18759564509271265,0.019254558029922916,0.4546408146240293,0.020544360813734598
286,0.23560459493154556,0.23558660776158938,1.969951973897595,-2.9487684653618,0.23497647231110266,0.199816634585275,0.02077482660185809,1.0264070505225176,0.025150721190598056
287,0.16879668818744573,0.17518399276757998,0.36450842190647464,0.5692442997102637,0.17516943319665962,0.2139791849568719,0.019241180008245134,0.7124617995258883,0.023017172537527927
288,0.1860363638911354,0.1784114830144402,0.5589463319106044,0.13393323832962137,0.17830346899458388,0.19607793973294166,0.01932811484563835,0.6302401206575453,0.02035706369868971
289,0.20564847399030525,0.2002811798497092,0.839660970232234,-0.4557844064113823,0.19997447576523789,0.2122616860981685,0.019901676816808662,0.5924191640634707,0.022495514553637574
290,0.22494615187925174,0.22106740056882312,-0.26217702306734453,2.09996165160076,0.22126652417356749,0.20104619133759072,0.020423223455422027,0.6350047483262948,0.02445584052489813
291,0.19057070196688164,0.178783587311458,0.1886802932468668,0.9775455699858074,0.17881092421676828,0.193910406903228,0.01933809877096828,0.6175324753228804,0.019451905144833012
292,0.18522393793403835,0.17933416635922744,0.3145192966861069,0.6920846789483853,0.1792282837979938,0.20246283760520775,0.019352856651269675,0.7324730391753114,0.018641836208258176
293,0.20660762446328937,0.21276644709539613,-0.4028001696179934,2.4011549316851166,0.21297327017933643,0.1982450876574213,0.020217583438430643,0.6344819117702629,0.021009669145745466
294,0.18144275577409796,0.1795529760659979,0.07048044605815341,1.2482948072920415,0.17961111182111922,0.1987946576942155,0.019358716826750538,0.647732079398827,0.020978522278819817
295,0.19161599019826778,0.18818399172287248,-0.542839849397159,2.6639521463310682,0.18843986544250807,0.20566871508102685,0.019587694921634122,0.8190707220615504,0.022659085160976738
296,0.18963080329452578,0.19213757070237988,0.8640988245546722,-0.5292657319672214,0.1919481508856017,0.19011155129559237,0.019691187632355136,0.5418214712468798,0.021360492362229724
297,0.22103796998370454,0.25545466028067776,-1.2815398241721057,4.498503373576795,0.2560839570555497,0.20130139734151306,0.02124010072450493,0.7771504803275159,0.02670381997597539
298,0.21604074304096413,0.22221773944867057,0.6110812107476105,0.11469899614525446,0.2220429373732003,0.20026229958198413,0.020451451423536552,0.6760734448071682,0.023708182366087578
299,0.2181263921328287,0.22053455695605156,0.032787923505706626,1.4273513983840371,0.22061648641184012,0.2070474349463439,0.02041012607897205,0.7639156167869285,0.024846572013642085
300,0.20583406263031281,0.2157932403894503,-0.7762837623245881,3.2581658171182455,0.21618177636338096,0.21104960850295612,0.020292965097299318,0.7370060005511795,0.02430538060133213
301,0.2173161497526485,0.22199281380146121,0.24912219279947567,0.9382944871133597,0.22200112247865486,0.19231998661377248,0.020445937112926253,0.602040608406849,0.0225203283062763
302,0.19404250667063425,0.1974806675135317,1.14661830997722,-1.1603150751285218,0.19728560357747962,0.200805748447755,0.019829694507885392,0.49368326009852886,0.020503329225293198
303,0.19231675860909125,0.20221310924248162,0.056868815864247496,1.3308381054160603,0.2022747375381474,0.19018948937502617,0.019951090682834145,0.6720479813985565,0.02167624807116524
304,0.21367439189274795,0.22891624891491774,0.46828664843665463,0.4552844187937166,0.22885789847426863,0.20535169841225104,0.020614547083134926,0.6224036170641064,0.02362763964355284
305,0.17236208684003188,0.17170342418788317,-0.07215317900642694,1.55506605024203,0.1717592656469618,0.20064870263586704,0.019146742083459466,0.6768573219587053,0.019880923257391298
306,0.16727656550735462,0.1598964525093284,-0.1435995573981177,1.6908175400347027,0.1600000009947194,0.19887066167977738,0.018820937214896,0.5877897000505526,0.018117394824937936
307,0.20549488187096523,0.21171103707029484,1.3917971511167733,-1.680777207679804,0.21141841150811858,0.20224938759425323,0.020191189820678693,0.25875129595804636,0.022096387605660156
308,0.21512818006957432,0.2175111512217568,-0.04876571785193337,1.6061019197957354,0.21759668639252225,0.1984530890553757,0.020335544840919977,0.7017014914616847,0.01934524245564904
309,0.18896234842262163,0.1837056288454781,0.7736519290832509,-0.34229213239898953,0.18359279298790315,0.19854739465006163,0.019469412572372058,0.567157934503045,0.020168083353985938
310,0.20301275448551123,0.2027603749426925,-0.03002834412365417,1.5298717492063187,0.20279448816498646,0.18973220409853742,0.019965052534154034,1.0630315226275533,0.02254192108161444
311,0.20652096906229997,0.21124343606836987,0.45247757835433006,0.4512081936871739,0.21123500038288817,0.19626649544495667,0.02017947799474729,0.6586724569523223,0.022542128031347943
312,0.15972500083887467,0.15387446239245164,0.0448669857962259,1.2481335267708287,0.15391970815107353,0.1823098144811745,0.018651422146840867,0.5593639101870057,0.019888264653102377
313,0.1974297664389499,0.19536836010728562,0.5047201267274692,0.2961396187768659,0.1953257865418382,0.1964596778467575,0.019775123013627396,0.6292174425604743,0.025733664347081443
314,0.21409288110189467,0.2148428319399249,0.4019204408768746,0.574205780651317,0.21478257685573104,0.19122749945390685,0.020269345037614593,0.5752638196119029,0.022859272365877273
315,0.18341029933018635,0.1839576050438943,0.8531457337857151,-0.5227924181020757,0.18367716420659683,0.20032372874978616,0.01947609776616334,0.6507887772661786,0.01898318214672626
316,0.2223004637656766,0.21740304994272724,0.5597775936466557,0.22021619614867183,0.2171474888945447,0.2111846662529774,0.020332869808108677,0.9156217054905637,0.024071377095606826
317,0.20201404652110105,0.21446246496634983,0.20329276637718555,1.0254896070880275,0.21449643029142568,0.20518887230174468,0.02025987924120204,0.7127164276222513,0.021161374536619083
318,0.16209995282778422,0.1606250171849996,0.721471326139713,-0.27612821221889805,0.1605257599221812,0.19355332055432012,0.0188412902062871,0.4732004009574708,0.020145939253496344
319,0.1894393460828838,0.18866233591807852,-0.3442116500345783,2.2129302288047072,0.1888432983945938,0.20110993041957526,0.019600262543411618,0.7230103247040441,0.022915940876402013
320,0.17671128842966147,0.18577013544179857,0.07777956855079975,1.2458177530792114,0.185814949718889,0.19581311930817566,0.01952408031959388,0.600572582821694,0.02118595126141657
321,0.18678716141945145,0.1953933841207615,-0.3471777935725153,2.2350026726320364,0.19559215809767305,0.19833010758158012,0.01977577091908341,0.6318866014826486,0.0239311352171084
322,0.196471974384331,0.18758572091063747,-0.37626911767832544,2.283444014842498,0.18779826290886997,0.199710735229321,0.019571958506218467,0.7032646226966733,0.02061511629808721
323,0.20457519593329168,0.21944380366466543,-2.445600780326371,7.0661758427656824,0.22050007001540675,0.20385043626509075,0.020383271575581407,0.7109344371437005,0.02328417369593311
324,0.19088159607515348,0.17750902305388488,-2.0455643980995455,6.060159691045424,0.1781754943387429,0.20064288563479632,0.019303867589424643,0.7883502160878134,0.019495004768961672
325,0.1750987302347491,0.16260986007073475,0.23873871376818187,0.8266250008734215,0.162555899790676,0.19244837053763844,0.018896570043555484,0.6344745186653534,0.019469011242153257
326,0.2110663612478518,0.2177489055585215,-1.16458467540689,4.146466373996135,0.21828503302038457,0.20299351781252825,0.020341426172431825,0.695596293996742,0.024988400428051578
327,0.1808620072346146,0.17704102309571793,-0.8030687089675989,3.2309266155839578,0.17739448945277328,0.2040150109698464,0.019291274736629026,0.5363731623622353,0.017458382256723744
328,0.23646586362341707,0.23767450970858991,0.24167202725064196,0.9908629648688422,0.23765651805976473,0.19223861739973794,0.020824566884757267,0.5431750994410673,0.023762981679612428
329,0.24677822686667072,0.24623489844989094,1.0447204784362774,-0.8171824091118636,0.2459661905736735,0.19543983660530675,0.021026404693576327,0.42028203037671774,0.024624616802562737
330,0.19636006397213035,0.2079105204255262,1.2025108187954214,-1.2552517613495087,0.20753699329137085,0.20268379286944477,0.020095675939522183,0.6185743244187066,0.024003651501915125
331,0.2258911310311064,0.22462499631344499,0.6418103793897472,0.05072639502143943,0.22453087697592702,0.19411023337989125,0.020510313463304963,0.6539403309627487,0.02171459721692585
332,0.2038911198677125,0.19642480865319475,0.03803320815511347,1.360511077520829,0.19644328075532946,0.19910047538074116,0.01980244644241732,0.7972997927644452,0.019997320035923905
333,0.19444517743803078,0.17960325111317055,0.6406876446858274,-0.04990292460896115,0.179361627998736,0.1959058334007839,0.01936006290589991,0.692811734955031,0.020433597962158812
334,0.17245162148566967,0.17839925042377539,0.8874069555082714,-0.6142830647210965,0.178106338005747,0.18827693320910396,0.019327786496958016,0.627275432100726,0.021780379510554
335,0.21495044273204808,0.21765353373861634,0.5852125012306523,0.16373165510783674,0.21760072162325667,0.2023339516871127,0.020339067296528332,0.47137743678268657,0.022419184286518158
336,0.2009497810642096,0.1744766391968023,0.6559121591319237,-0.0956898308643078,0.17434398013731084,0.1839992879724756,0.019222045428815802,0.5108696155293464,0.01963527682332546
337,0.20983393180170756,0.20916617167868354,-0.8884048659054442,3.498290553985312,0.20959628857075166,0.21668846542533793,0.020127314625024983,0.7108933678285609,0.02036756716623836
338,0.20560099099352386,0.2267517249603092,0.0022521374340092925,1.5110097363862312,0.2268192208550607,0.21014505464776545,0.020562082071388085,0.714448905598965,0.02576700139937007
339,0.18356450376536404,0.17838447113286596,0.2545825096824802,0.8266733462852239,0.17839822173955674,0.19995136429825722,0.01932738977786901,0.6484077104342781,0.020218269205105024
340,0.20428802716742978,0.20911843994307264,-0.45188958338592544,2.504584902812694,0.20934912581499485,0.18957827987612638,0.020126113409275337,0.8536523174521959,0.021769167778928514
341,0.1811055129324353,0.18689037417234258,-1.2539295466763347,4.279591169957843,0.18740486192387762,0.1984700105613631,0.019553643572836475,0.7157255759904505,0.02152176030813154
342,0.17298813485397257,0.18103665447497747,-0.7067438953192335,3.020764393375761,0.1813361079473347,0.1932854055622613,0.019398380053583315,0.578224543281828,0.021987529034439297
343,0.19869844703210346,0.18555135208757084,0.6522562981385802,-0.06212111312908267,0.1854232825796408,0.2035644867117667,0.019518298368582297,0.5584577379964197,0.020731386196614025
344,0.23534398415691452,0.23027347039257068,0.832993930948114,-0.3723032743821248,0.22996483823632946,0.19985160489251186,0.020647329917740855,0.5628029259581664,0.021120523035145968
345,0.2116714010177056,0.21287670498643463,0.528883630851608,0.280312669679669,0.21265353193968406,0.20251682845834154,0.020220337501012313,0.9494235617743575,0.02220848358994216
346,0.17965899965639864,0.18790380836999704,0.2951012990555399,0.7561239520825341,0.1879061702535089,0.2047146699137436,0.019580327697769517,0.693672260892105,0.0235329422541847
347,0.1971895206094079,0.20839101643426905,0.13962152638335446,1.1565033824925783,0.20839890996724247,0.20040204313928592,0.020107792597797627,0.6288149718865435,0.019769680084804668
348,0.21809856172637712,0.2205566763143738,-0.3545695833907431,2.3091024082393785,0.22076950074192594,0.20604921960754868,0.020410670054036874,0.621301033986408,0.02329675602220082
349,0.19543404015031468,0.20264742401871116,0.26752772890647264,0.8522542970960533,0.2026005261714292,0.1940588958581916,0.019962172219597406,0.6683358412431003,0.023575339891148003
350,0.17866699783042878,0.17844230393115687,-0.44390438091068907,2.4165882784791957,0.17864957596679684,0.19299146225298128,0.019328942105956513,0.549349591056938,0.020141036908880267
351,0.14602581155159636,0.15586063724172788,0.7702004676151977,-0.3984095963654001,0.15566216945813485,0.20700709114603777,0.01870758712349752,0.5589532285482259,0.019599958095770132
352,0.21028510862699443,0.22850558466612322,0.7332303520558363,-0.14860556632799216,0.22836273092453258,0.20208330746572933,0.020604610419719546,0.5594488768940029,0.023336579859790887
353,0.18392010407096498,0.1878602254423264,0.9302443081926737,-0.6892394920096001,0.1876835337763283,0.204076625992353,0.01957918132211072,0.5912317229868883,0.020012979961935337
354,0.182679087641403,0.16537362478066495,-0.048424643713812686,1.486644978555802,0.16545565969918868,0.1850243537673577,0.018973137010436354,0.5853859242628473,0.020301428352433534
355,0.1935141257036333,0.1885702047624488,-0.46356101320074117,2.484382033729334,0.18881804226443247,0.20022151409239203,0.01959784295500654,0.7025190835210874,0.021703688819921435
356,0.20946149985239837,0.21812219793138865,-1.3292824004135853,4.522204724002443,0.21871759888440778,0.19684102691091826,0.020350654638739037,0.6660698165709683,0.022279009496335166
357,0.1941752263961084,0.20804183238342697,0.013834720120679907,1.442058543529179,0.20813225052977355,0.19695076591705893,0.020098988412147863,0.7606536931721447,0.021934477629904914
358,0.1856367169559635,0.19058729388020326,0.7810650194766912,-0.3437278948724456,0.19043623692479916,0.19878677535042236,0.019650708966150957,0.4815959692973225,0.02124656036274709
359,0.225031693091015,0.22531084049870953,0.6805856841844496,-0.03607489853439592,0.22517482731378688,0.2081855435252913,0.02052703210270076,0.6266767666921594,0.022435657261741706
360,0.24362065581075854,0.26174418550045037,-0.5447661990846134,2.835776658030869,0.26205751736699745,0.20292724999478143,0.02138374205535681,0.7762849717613236,0.02304062535665773
361,0.19519737231560247,0.19111149421497473,-0.6408076870884254,2.8936137459817406,0.19142818012570229,0.1968780697966444,0.019664410948632992,0.6977380820900461,0.022368454769317578
362,0.206156227961195,0.2010805743984024,-0.2639247010368481,2.0584434525037203,0.20127421454344227,0.1934943446795754,0.019922147260579448,0.7047918926456512,0.021553153627517335
363,0.1812255343527134,0.17415848433396006,0.3410948798656664,0.6199267956540032,0.1740809554200965,0.20269903970608782,0.019213429431154838,0.6306738510225017,0.020381063969729867
364,0.21552246877499323,0.22081269363074568,-0.6663316202280823,3.019315235160599,0.2211567264051941,0.20018314144511867,0.020416964462601047,0.6600405629000262,0.02103990888305352
365,0.22570983870649206,0.21720129889598236,-0.5685685532331459,2.7885666834897433,0.21750363388773758,0.19712523146113067,0.020327875797444155,0.7120067685398214,0.02361916453678993
366,0.18815437400519336,0.18339517505752373,-0.6066798350900429,2.7983725240359343,0.1836711486959642,0.1971374761858181,0.019461170954410544,0.8378096664252365,0.02049119008488025
367,0.21818824594632572,0.2143444020731154,0.5059945968560378,0.335935245189573,0.2141884135686614,0.20818541717484398,0.020256939652495264,0.7097302574686853,0.021307322489481407
368,0.21492086842007463,0.21447719854359917,-0.34645505139388033,2.276794096533552,0.21468637524848286,0.22247361677822078,0.020260246035896722,0.7505876144970621,0.02262020919257799
369,0.2020284921495668,0.20239563381119446,0.1868059746777,1.0354059576004988,0.20236417628816883,0.20500678663570893,0.019955749005446083,0.6961988152918903,0.02227260608602007
370,0.2149898895769089,0.2177635992322146,-0.5596290720273762,2.7695028807591213,0.21804942308176858,0.20052136491125302,0.020341789557728092,0.6815040385090448,0.023115248701745052
371,0.2307967020966395,0.2271374054643711,-0.15187345345986952,1.8627035012019213,0.2273044762914265,0.20476856593895207,0.02057144689044738,0.7008284370967196,0.020090155475211827
372,0.2037789847225116,0.18625904922765327,-0.2576477443743477,2.0104175323120628,0.18642706775637075,0.19832899988992886,0.019536991482523445,0.5892774336006492,0.022396574469585314
373,0.213383795258714,0.20413086270281147,1.011885574226665,-0.8384480648997976,0.20385717158530173,0.20007791584052856,0.01999994739133995,0.4829605570764092,0.019910086409780793
374,0.16972926482707837,0.1708447297765383,-1.420188238919466,4.621509882283262,0.17134996079178758,0.19942691262300005,0.01912333252146797,0.5995446590708942,0.018862988278008145
375,0.2614578843048778,0.25277654550655915,0.007851575842816726,1.5575011379547243,0.25289734609983294,0.19767731673286684,0.021178414916047605,0.654418126813304,0.02501779085595742
376,0.21138816934988938,0.22056565189953514,0.9206317938826356,-0.5928101945798604,0.22040814549054313,0.21207646921369358,0.020410890781170744,0.5419962501389157,0.02191688274516339
377,0.18762759440281138,0.18232030486879183,0.34282045584024695,0.634555796146651,0.18223703878175745,0.18891276706126348,0.01943259404514203,0.5555023011728399,0.0198246204231042
378,0.25144475704447855,0.25495701785626257,-0.840408892759141,3.493270954174678,0.2554279180564532,0.20692803334887241,0.021228662161524067,0.8416069606350689,0.024446096742040877
379,0.16411992026880382,0.1657130820150795,0.6997884108195123,-0.21581417970972738,0.16552251981387386,0.19162840140081489,0.018982508893553098,0.502664907201665,0.020805110203898698
380,0.2021405045328154,0.20546286307756687,-0.4548184345581891,2.5029329889319625,0.20569496691933492,0.21242862202846788,0.020033768116990463,0.651742844778658,0.02283086967535429
381,0.21349254814967383,0.22790113929438627,-0.6008742934806817,2.88645848336548,0.22820912442059005,0.20055271068068906,0.020589970235646862,0.7076887360860123,0.02286764526829674
382,0.21860230187048654,0.23180874385181774,-0.9560529395684809,3.7038137800402855,0.23229067690218685,0.20000954539040777,0.020684307918652976,0.7543356508539617,0.022761359504367598
383,0.20319451739504304,0.19508010641291684,0.46621970479928765,0.3829670739111725,0.19501602463662432,0.1906770026416916,0.019767657291907857,0.6749752086741962,0.023103817135783456
384,0.20316973329964802,0.2063522332227189,-1.1499601696499548,4.087236735838057,0.206845828805373,0.19094154586056966,0.020056298597007825,0.7235045097183515,0.0198644728414944
385,0.2071472873244434,0.18920579235495116,0.6628620065445359,-0.0779551499032278,0.189074025689061,0.20525475704115992,0.019614525437273652,0.5740257255827765,0.023489644744415054
386,0.23832532369811102,0.2442032290971751,-0.0956124721448271,1.773488163335239,0.2443538381249829,0.2024275697337498,0.020978803967710555,0.7047452533827369,0.024917710885537164
387,0.2256443189429796,0.24571427789375044,-0.18275144730190485,1.9752781342402577,0.24590491569462025,0.20382368855151348,0.02101422464581439,0.7192257914079205,0.02521961831661444
388,0.2068118900648042,0.18927344903026017,-1.37681167816046,4.5647230301411446,0.18982610343233258,0.19640217809100738,0.0196162999243012,0.6907361770875787,0.021133975736255323
389,0.19714920313130016,0.20603926153168164,-0.3458303510148394,2.2561659917668333,0.2062702386207286,0.20613595686997674,0.02004837474881629,0.7483168879329325,0.021545010373635355
390,0.1929460950745024,0.2092570782277526,0.8264645567419743,-0.40486617843167494,0.2090263535259992,0.19712572832892483,0.02012960205364481,0.5951679942762967,0.02169573910240732
391,0.1683418228685926,0.18452934135909355,0.40983819463896265,0.48715091613870176,0.18445433432385003,0.20519850652723995,0.01949125319631888,0.6301777979387001,0.021593154683208344
392,0.23496004214543775,0.24299138525932604,0.02625786548123654,1.4933323888747827,0.24308458933180044,0.21260406291283016,0.020950322216412538,0.7235637142415398,0.02314555261411505
393,0.20413062063342777,0.2113198107537628,0.30481171059063716,0.7873108041190957,0.21132463675879135,0.20121306827072144,0.020181391683201263,0.5961773009206185,0.022104969803671666
394,0.1897660364401059,0.19522922528144213,-0.0826232359942238,1.6324469579541674,0.19534398256728228,0.18562767640227484,0.019771520007105383,0.6269422676629586,0.023185183350354882
395,0.18892754529763472,0.1986550128650361,0.4458503474574084,0.43741179135927866,0.19858545692547086,0.20741829816223897,0.019859930012084137,0.5910916174172802,0.02213397392859904
396,0.2159558189821581,0.23039291613957433,1.0166702024030394,-0.7897640224451,0.23008209406239724,0.19943601145930406,0.02065021085498889,0.4339927494523663,0.023799047524919556
397,0.19941076481482056,0.21581289781377122,0.8688098789072373,-0.48612458941710174,0.2156050576564139,0.20317727194232046,0.020293453156011068,0.5549554255913476,0.020186569165597305
398,0.18295043694711258,0.18623498300466684,-0.6518078856559938,2.907553599430638,0.1864971903431263,0.19650556442369102,0.019536356259462477,0.7237039392345763,0.02139237976781869
399,0.18935992813443372,0.19043707220526648,-0.2962138529813218,2.107711989840022,0.1906173263020595,0.19957060749817823,0.01964677955462658,0.6215144700327918,0.01851951814883009
400,0.174235473498635,0.17795488704462106,-0.15160009904932525,1.75013269541647,0.1780630678695253,0.20328031128040036,0.019315852956424066,0.48511767762144276,0.02355362272232218
401,0.2036248081884822,0.209124008232158,-0.08737590832478066,1.6748952111644437,0.20925860907424798,0.19936460817597082,0.020126253546736132,0.6236335890179813,0.020802622768170468
402,0.18849078415786263,0.17532186751312306,-0.44364477124678,2.4088894051700604,0.1755266015363928,0.201052786938791,0.019244906223187225,0.6165378119207376,0.021169021036871474
403,0.2171724708960307,0.21964278928902833,-0.38832281450817085,2.3838512096918314,0.21987051511521652,0.2015060012852101,0.02038817500889148,0.8462343952368245,0.02117382850548937
404,0.2002795594759674,0.19291559255680832,0.13202313625221068,1.1386399733004935,0.1929587483623572,0.20918202962297403,0.019711452547346468,0.5955695089633158,0.02082544422417111
405,0.16957615142580862,0.15900254874273087,0.3139409045132886,0.6472163354496359,0.1589270906982095,0.18962207543673035,0.01879591981293136,0.5773581922243074,0.01936857027966506
406,0.17665681782161496,0.17697080625749587,0.005692099339963436,1.3898667154792634,0.17702863246514464,0.18614260001714614,0.01928938425435784,0.6038026973023899,0.02065498195177371
407,0.18099052296295873,0.18414237913924214,1.3352487707503313,-1.6078826137876974,0.1837262376337872,0.19097708216675224,0.019480997730969646,0.6761325332949681,0.02134139994011114
408,0.21559275974069073,0.2300926722532329,-2.3314516019280314,6.830586142479113,0.23115151459976307,0.20154921233231118,0.02064296791835359,0.8521058831675871,0.0224961081788227
409,0.18909258764178738,0.18755988494503734,-0.580805893406951,2.74895614804886,0.18782373024501792,0.18841956195287843,0.019571278488792993,0.7790549238023118,0.022029242866619943
410,0.18479455201607764,0.17207446533747964,0.6870067579821538,-0.17186633950930777,0.17193821188897185,0.20400730201784723,0.019156843721381173,0.48350711800991863,0.020359412217830494
411,0.18693066773160355,0.19678912198169674,-0.3738579288295712,2.2989088350882576,0.19699928598880082,0.21087790001948484,0.01981185488723978,0.6913755495538101,0.021254296920814295
412,0.23050988334242137,0.2387410356593366,-0.40193346595560725,2.458301326545465,0.23905050239599238,0.19752312913514958,0.020849896772428475,0.6887896112101777,0.02419535470104819
413,0.18249400923082817,0.18390604997652854,0.8644914496992433,-0.5494942101942284,0.1836084233967102,0.19568609997072772,0.019474730248803494,0.5544794345036521,0.021023328602221864
414,0.18627425738545225,0.18080839689847591,0.1793562708097036,1.003367255786721,0.18083625535790554,0.20578722207229774,0.01939228627141928,0.6248762398644271,0.023542170256582316
415,0.20464197393062508,0.20175444044301646,0.12443343182623635,1.1759917408883716,0.20177863442341681,0.19990443664836047,0.019939376958755084,0.7044871556045749,0.02355727167302275
416,0.20299884570472695,0.20633869300233162,-0.8762302764466747,3.4641439028184546,0.20674260441121706,0.20425121024532555,0.020055955889591612,0.7650270693254914,0.022293624298620737
417,0.20522546392321542,0.19291610263597528,-0.047373611724062285,1.546950699664314,0.19301044046022706,0.19839595441773916,0.019711465822370936,0.6506503373084225,0.020827302787725595
418,0.21423708016473061,0.21572803592747478,-0.5076956802529741,2.646655495039919,0.2160073651422079,0.20312623005677605,0.020291346048460102,0.6386957732660943,0.022008087825361712
419,0.20978635895396655,0.20726256978746216,0.020741992138466264,1.42456375181485,0.20734239391153386,0.20353575322497464,0.020079317720401887,0.5734911003099802,0.02225692144270515
420,0.17503714388854985,0.1953214163138766,0.4205408613638828,0.48732870238579706,0.19523573779160575,0.20919620999670693,0.01977390748407057,0.611875059397575,0.02479117523220954
421,0.22883096300303862,0.22085047625758578,0.8051152819209227,-0.32952940122043445,0.22068796594975307,0.19301580119521855,0.02041789310832124,0.5849574822997929,0.020645261366981565
422,0.20774014949271535,0.2097411248627341,0.8340117700515773,-0.42132472751889977,0.2094519252982282,0.20982484160663423,0.02014177469995102,0.5721083253908177,0.021195870412850985
423,0.1852025441130091,0.18106924037484962,0.025268087590761316,1.354638176891349,0.18112803791659374,0.19856403311437434,0.01939924975410197,0.5962621008408991,0.021607550603787266
424,0.2329967986592604,0.21139208395834855,-0.16549573535993692,1.857872756629075,0.2115430969870573,0.20638964541621813,0.020183202329020208,0.6868913850553738,0.021003035983771883
425,0.19754453069871133,0.1961503384331583,0.7939592227101504,-0.3602062903873074,0.1960263149854231,0.1959680018067112,0.01979535348404468,0.5684930061825543,0.019731727155781958
426,0.1850704111747674,0.2013846025333928,0.4638124146659062,0.4027734722040964,0.2013185256329656,0.21365169917132973,0.01992992375581319,0.5416876164184065,0.021301541841679202
427,0.20093588052189507,0.19995376782604515,-1.7733033712736528,5.491530712536105,0.2005759654580657,0.1959134124871264,0.019893282845171247,1.347452733031391,0.021259021205518806
428,0.19885286027910556,0.2087268069768388,-0.6104808178957213,2.8646802648091545,0.2090252244111981,0.19601313932147946,0.02011625316372911,0.6338801875563799,0.021326653142228966
429,0.19210594386089377,0.1925322994375317,-0.08725898730367371,1.6368607347578714,0.19261236455246034,0.19919363787949626,0.019701473160865207,0.6544304640221261,0.021312805175926708
430,0.18781059312896684,0.18951573129964305,0.5148715095825106,0.25947739914293766,0.1894106081663046,0.20416964559507325,0.019622652378180363,0.6032376734137127,0.021087185238290226
431,0.20226734913600022,0.19371680535010263,-0.8551356270400917,3.3873954369952846,0.19410813738705027,0.18532431170104255,0.01973228693379581,0.6094041060148794,0.021165292529244605
432,0.23264297392928646,0.2388953520152644,0.23489483986574103,1.0091503461927616,0.2389166741801326,0.21492558631418335,0.020853557416121042,0.6135542649765326,0.02412884712009853
433,0.1931754311759717,0.19365889865917502,0.7936208764060866,-0.3654776582461018,0.19348087976641182,0.1982187136296658,0.019730782327415777,0.5027263366820325,0.020246855306322205
434,0.20586377758376204,0.18636972510865266,-0.6650688569025683,2.9380443512602197,0.1866897747711738,0.18423321801739498,0.019539912331401784,0.6633984383166598,0.021425252616473097
435,0.15758157325496766,0.1571146365454213,0.5820715696937886,0.03279458058051901,0.156998128202811,0.18944272768699877,0.018742917636359373,0.540464006439753,0.02022702359017036
436,0.18844256725483902,0.19911496562974232,-0.0031984182981448267,1.4605058517608815,0.19920300950274553,0.2090830909258046,0.01987175216944063,0.8365888947828573,0.021369230072017287
437,0.21158690875156863,0.21756422487379456,0.25862387954446825,0.9065665094203936,0.2175584591118505,0.19727662324112544,0.02033685796826033,0.6644124714597632,0.02207304076286779
438,0.11834634076261058,0.122921343982681,0.37622006191698765,0.42331292108061286,0.12283369666391118,0.20244766684987672,0.01774169411757035,0.5080826172575655,0.01646796893788822
439,0.19837551176607143,0.19845304287876062,-0.016415674821495106,1.4890807876217327,0.19855575180081328,0.18343771066045045,0.019854735210451984,0.7170786188705911,0.021649406290149446
440,0.21082217025396832,0.21918806956035758,-0.7165615807912008,3.129955653399396,0.21956587716912346,0.20307293002358362,0.0203769668637527,0.6234596095407375,0.023352770197140785
441,0.18890714508387987,0.19659734576702195,-0.36803512698793794,2.2852138207563315,0.1968155698812063,0.19511389389893205,0.019806903129725686,0.6522703472784537,0.02173515117088166
442,0.19475123035156458,0.18630294711743267,-0.24588422118379769,1.983744556735144,0.18646328886943447,0.1979195037171303,0.019538150074663835,0.7145474473099209,0.022378850858438732
443,0.21260636869159544,0.21412630533120644,0.6408127001080659,0.028440983592836522,0.21389881947534242,0.20468402570730113,0.02025150752500586,0.6144185646383621,0.021328045339417245
444,0.1643786243211868,0.17760075777545314,-0.3270039511006078,2.1485799041884586,0.17776142670592485,0.19377786385471216,0.019306334474921347,0.778070419645453,0.020525294334498737
445,0.2049429961285335,0.21618810317088685,0.014856862928708952,1.458276802341791,0.21627758668984995,0.20230742275076102,0.0203027651258001,0.7131500001228476,0.023759479525584187
446,0.1925419000067082,0.20363328876866377,-1.3279264600980585,4.486134113547862,0.2042094557922119,0.19485960332098237,0.019987289736274307,0.811938654912049,0.022611197049203766
447,0.19947996501637985,0.18305336697019692,-1.0419698073540986,3.7883971996540926,0.1834409994640777,0.18849795936539696,0.019452090642779505,0.6624167384539206,0.01976120169369054
448,0.2143337383655591,0.21200246777914974,0.15982970233304425,1.1186903044767698,0.2119865586701167,0.205004445480437,0.02019848355026858,0.8283790204022872,0.021908911876809534
449,0.21345922387635607,0.2223522953495204,0.06292896636760104,1.3629194364497383,0.22245738913077268,0.20829324209790412,0.020454749032402016,0.7560310485376912,0.027184861520478398
450,0.2183212680178567,0.22843448688404602,-0.27698651144157055,2.1504396522856495,0.2286507862715887,0.1989405384861695,0.02060288927857534,0.6905921173437675,0.022553060996523835
451,0.22660538507061986,0.21132946892221022,-0.554894214514728,2.7440772643539937,0.21162365299772345,0.1947488830904581,0.02018163366271761,0.573804299505599,0.021227802342320894
452,0.2304191204129707,0.2123125240995419,0.9380554836811822,-0.6521241394773314,0.21202568513797174,0.20394972581643303,0.02020623869253713,0.5256073550684771,0.020598893443460296
453,0.23337569868725108,0.22096237852308598,0.4676892432658402,0.43819350042205846,0.22081633851403304,0.20360767847139383,0.020420643102413802,0.7581767530678045,0.02304992219779861
454,0.16176606712195551,0.16145328303765663,0.06177170238879283,1.226903454638929,0.16149283988063695,0.1937105000144978,0.018864388080482443,0.7163077561178782,0.020081947582317187
455,0.19100437522991212,0.18565855309367396,1.1798142875175226,-1.2641929513633725,0.1854600719631974,0.19947641722654869,0.01952113178612496,0.4286760617766853,0.020904749399955735
456,0.21066604161250374,0.1937939256739292,1.085033760411573,-1.0288664654850561,0.19344892613331166,0.19277190249030987,0.019734290489922656,0.4198875910763416,0.022788626897608126
457,0.17734097717207364,0.17969544591038958,-0.5831409330921357,2.7363684074580292,0.17993069331421094,0.19460090777135533,0.01936253097815075,0.7924396643565227,0.02361555024984664
458,0.190926223458513,0.18123974887598085,-0.12950169223518582,1.7073113555846606,0.18136549940519442,0.18544178225633337,0.019403799543696337,0.6451459609482947,0.019632896347763135
459,0.17261994953815418,0.1605806951137962,0.20240518090459259,0.9048392905966742,0.16058220581804566,0.18437778387543205,0.018840052986605134,0.6417986174228634,0.016729203818697826
460,0.2180909575451474,0.2150160601775262,-0.526220996822798,2.687203318998267,0.2153124662859197,0.2097912529355208,0.02027365357743774,0.6715627493711647,0.02668439049729054
461,0.220269210346533,0.23559102537806229,-0.5320263312184444,2.747253293083042,0.2359340626466628,0.20168428353730045,0.020774932057474806,0.6801081261731354,0.02176165180447998
462,0.21968097799927924,0.21649725826662058,-0.30404973804801644,2.184866031260018,0.2166850080689073,0.20524782819908025,0.02031043254694242,0.679673037031633,0.02221285856347941
463,0.22974349667813662,0.22011569322107558,0.34136793377113933,0.7239298842840322,0.22004510881744416,0.20145911412682677,0.0203998205336822,0.6181418056500462,0.02319131175474015
464,0.21158171630693506,0.21159762388384654,0.5180712056547644,0.3024907659894589,0.2115019468400544,0.18840671801711037,0.02018835022543661,0.6231444237915308,0.02201787210274076
465,0.18227448732762264,0.18097355013687724,0.6599089892662349,-0.09033990543999623,0.1807868588800663,0.18987545479778387,0.019396695658867435,0.49739403366005497,0.021588585233669376
466,0.21448852706458021,0.19437789062162852,-0.325960683679526,2.18439480590911,0.19453255069385214,0.1900710614163024,0.019749451166815556,0.7853914747468478,0.021022361166783025
467,0.2147116826075686,0.20802850728715225,1.8543108265055843,-2.2283045383417748,0.20750261846664478,0.19386748794625874,0.020098652314089287,0.6854592544197424,0.021529778224220548
468,0.20874088550407466,0.2088105084818704,-0.10761109970706884,1.7202369602147956,0.20895125151263685,0.19929072106191462,0.020118361200676088,0.5617172614045389,0.022588711475481027
469,0.22899915570243795,0.22576592829185402,1.0917317287899064,-0.9711766642555851,0.2253918987807786,0.21876121441112342,0.02053811308803557,0.5171155843749695,0.0233083520702802
470,0.16917215409741554,0.16740304334581263,-0.8669321653537977,3.3543542841879934,0.1676828063094745,0.19492636609902034,0.01902906134709511,0.8023517542779451,0.01933717537693201
471,0.1964257586587967,0.1909544984978996,0.277120708976863,0.8040568984790083,0.19098929981781765,0.21182455703875286,0.01966030885273923,0.5666888351838342,0.02035937789379956
472,0.18257376191938365,0.17949570126359113,2.104175136535432,-1.968797039536375,0.17904519862828278,0.195817183394297,0.019357183156355394,0.6745146486465953,0.020674571582427203
473,0.203021865520399,0.20382967399851512,0.1257924663347528,1.1776244305324086,0.20385576698236918,0.20650090449585495,0.019992287078534492,0.6555135148017065,0.019934564250508924
474,0.19002101355811973,0.17808139659174255,0.47435357039810155,0.3256076379452899,0.1779803028776875,0.20047847029804436,0.019319251583286474,0.5748764019001514,0.019502844429199393
475,0.22413442162643973,0.23867404578831397,-0.632203657528859,2.982289459031351,0.23906659148250076,0.19463523872656807,0.020848307317641635,0.8152951565784724,0.02487084423839855
476,0.18167404811253005,0.17120712468264776,-0.6186737496822768,2.797926609465157,0.17147335073407033,0.20259794503067563,0.019133217434936272,0.7442955176377536,0.021518777553177375
477,0.19872857215152417,0.2004878984037873,-0.28418772856103575,2.103214966147089,0.20066858095381504,0.1962779016769945,0.019906973597469707,0.6477650238997752,0.020315943178534735
478,0.18295640519800685,0.1679406572803707,0.15854882740063045,1.0214285817297841,0.16796699973599377,0.19336022197463398,0.019043834272374962,0.5751233088069367,0.01992785962461629
479,0.1719471802931379,0.1745167530523889,-0.47127721579943116,2.469957531731087,0.17473990496410075,0.20689342197458185,0.019223131334245906,0.6450186405509201,0.020550499605729786
480,0.23812224560475423,0.22774284354878316,0.3253211478811457,0.778063938419929,0.2277635016507215,0.1923983729487301,0.02058613328387452,0.6994348721221876,0.021820897109103506
481,0.1825728987574344,0.18551131630295503,-0.6376006278064293,2.8735656009736124,0.1858171472959229,0.20236825781933593,0.019517240021431553,0.714230187588951,0.02190522137081497
482,0.18653136230948592,0.18719477981671018,-0.40220169091951236,2.3415840792187828,0.1874155068242516,0.18870445228663404,0.019561664725724643,0.6419829582636968,0.0203989947470919
483,0.19632925707407503,0.20671471616298248,-0.4360058837672634,2.462958869133406,0.20697945356346625,0.20450886327350873,0.020065469624671203,0.6141725874241203,0.019645217287590666
484,0.16739274138951837,0.17012653620180926,0.21186387153320257,0.9050681686991672,0.17013975763760272,0.1909633053738632,0.019103719380411128,0.6847502818323588,0.02255606892641775
485,0.198777098154525,0.1938331963905023,0.3395101227846192,0.6681511487713996,0.19370883437464964,0.1987358892584283,0.01973531060344102,0.7201968342213897,0.01972531342967565
486,0.18643026505898527,0.19238904465489642,0.1427562463931274,1.1129834622687922,0.19241135250894417,0.20275404674581587,0.01969774132794798,0.6589135333486149,0.021202592684712373
487,0.21905007084702519,0.21573955098523312,-0.19771846238143165,1.941111916868403,0.21592052588036453,0.19950967091592275,0.020291631986723804,0.5983038313636856,0.0210967771268148
488,0.20871339704496453,0.20369188222802692,0.12868208590626096,1.1707291773593627,0.20371543249518356,0.17848021098132197,0.019988780953903634,0.7447641821239316,0.021813469940709547
489,0.19924491242736203,0.21489665899664417,1.4010282871847928,-1.6851051536268817,0.21461948634330782,0.21240815965993654,0.02027068398785608,0.345074611762446,0.02177095171158926
490,0.19534001357135236,0.18413161835644312,-0.10718549951958913,1.6630959911737142,0.1842030752027064,0.19340399107679584,0.019480712422254225,0.6815732164816948,0.022174565460271998
491,0.18773062663425652,0.1924034207938595,0.2079697889229884,0.9645775557241733,0.1924020609750405,0.19818395349422324,0.019698115881693838,0.675388455772367,0.021659302844646695
492,0.18891648351734447,0.18701312977097043,-1.2762913765422672,4.330771416201925,0.18749536882824064,0.19872101219479457,0.01955687883260751,0.7808325685040595,0.02149232070425115
493,0.2197636036944949,0.23557151713059976,-1.0710659761940484,3.9741634708056086,0.23612168908184109,0.20012144164997722,0.020774466357331548,0.7247216647844884,0.023769111210597226
494,0.19397701585794425,0.18548934906251807,1.9762506938572486,-2.1374300886926547,0.1850227823886362,0.20772001926669212,0.01951665927843862,0.7428024890696738,0.02146751388703464
495,0.17419062879670139,0.18357625991791304,0.18731995453491518,0.9914813346258414,0.18357616050336728,0.20121643647571427,0.019465978879693698,0.5711705369521071,0.01916833592988978
496,0.1916255647082852,0.1843078175361657,0.20082259973386124,0.9623369805016848,0.18427256836527425,0.1947848550480987,0.01948538329839966,0.6806928870215138,0.021037130901527337
497,0.23838730197962335,0.2348318005630921,0.11004983974788489,1.284061482146422,0.2349072370458878,0.2145684503328138,0.020756794750734418,0.6377801466228548,0.02372049954201987
498,0.20876125087133476,0.1944829798400777,1.0004329223474224,-0.83407436336936,0.1942469802183188,0.1869104686774716,0.019752177484648904,0.5794229998943361,0.020675645350942212
499,0.21235681039530638,0.21120469307973416,0.06438513577970378,1.3341732533711486,0.21123957416035935,0.19726843095499585,0.020178507114343547,0.6424767872387888,0.01957056549861139
500,0.17527418484212928,0.16858181738981207,0.9916202261306302,-0.8725954094661023,0.1684278635279574,0.19667519918779067,0.019061429611303388,0.477762860731535,0.019897619013104578
501,0.1960877903078254,0.19321509752861582,0.06631620436415804,1.288791131866006,0.19319665642049674,0.20151215334284298,0.01971924484377151,0.7718072533339422,0.02049740598063678
502,0.21064278808549883,0.22805416555324803,-0.1593154446412186,1.8817303164179213,0.22823102408087517,0.19474431762227112,0.02059367831736547,0.7277867945649719,0.02552209985159638
503,0.20628218081407318,0.21641790292476043,-0.24080076798727432,2.0407205584840313,0.21660764068261126,0.20399804687882656,0.02030846489401798,0.6105107684409291,0.019173926592341746
504,0.19634075168789045,0.22285341601287892,-0.19454307125888456,1.9500762394511861,0.22303364436372955,0.21240962921683662,0.02046702238624606,0.6472048060778883,0.021407353294107718
505,0.1969725545637886,0.19308517854875237,-0.56987243099669,2.736645914417175,0.19335748299540684,0.2045983603337644,0.01971586531060553,0.6640584610204097,0.0195014499590764
506,0.18891478861121477,0.19501718281169125,0.3602409958191962,0.6239280781046119,0.19496310591544852,0.1921759632313516,0.019766026982776054,0.5086290064779558,0.02027643609857294
507,0.2187637302952053,0.2188207311965733,-0.5854288904634568,2.8306299266140837,0.2191321271952349,0.20261235552423532,0.020367905066560207,0.6482183377016613,0.02154033616046985
508,0.23161134125551924,0.23432044428726137,0.23173147537901315,1.0057599615753028,0.2342625308532536,0.18726057402350013,0.020744563634877235,0.7420872931657395,0.023069901693801673
509,0.21405752408983778,0.21972869274670753,-0.4596112948645634,2.546318365808327,0.21998162935432652,0.20559627591872418,0.020390291250199415,0.6960418844978513,0.021018940797403376
510,0.16707979529331998,0.14962122225414207,0.9232760703734417,-0.7604204962988167,0.1494581507462169,0.18929524352423907,0.018530290183591206,0.4866804044427338,0.020132614654773097
511,0.18159542534849288,0.1779963170375571,-0.5610373992829683,2.682187937363706,0.17823619153535702,0.19143173502968167,0.019316966058456574,0.6367345269799237,0.022207640551736345
512,0.23068258405736053,0.22177101564875792,0.21734902414337093,1.0100716079097725,0.2217754398880292,0.20965496871924647,0.020440497050230436,0.6094941892610636,0.022972668317844096
513,0.20452593539070166,0.2142723623030639,-0.9369227718191887,3.6203504885653444,0.21473145130626953,0.20084845459618395,0.020255145625626962,0.6345130631085684,0.024244582358338262
514,0.1955789476912761,0.1966956157386604,0.32239065166460334,0.713902549058416,0.1966545567870547,0.20728158402732802,0.01980944075680759,0.7244316141715279,0.02140863977931234
515,0.20856395517687254,0.21295286827944016,0.1627082157136005,1.1143971279374625,0.21298762582464106,0.2072371805216049,0.02022223957659512,0.6037986153443752,0.02232588756104713
516,0.2058659372287116,0.212382280682432,0.9585958303891257,-0.6982737079913812,0.21214710147307195,0.19554369587848539,0.02020798277491665,0.4374357818432174,0.022869324942544345
517,0.2024197298922633,0.20250522702364201,0.37643845781445545,0.6041548308214133,0.20245822841702485,0.19725382355901744,0.019958545158524407,0.6412164159953334,0.0224711840018223
518,0.20075146144400155,0.2001329875854722,1.0824883250944362,-1.0075046432410928,0.19975724153471236,0.20484028875358212,0.019897878267734804,0.6257801344285384,0.023593079927123357
519,0.22570607548754587,0.22612787047135813,1.5439644384846434,-2.064529250513004,0.22550547047880595,0.2022068601424119,0.020546918915133043,1.0408179445357368,0.02369924869520025
520,0.20494562720540202,0.21059800793808398,0.42690144371330385,0.5077892275362044,0.21055368227267557,0.2043449235132114,0.020163293898831935,0.6313240219346904,0.021656560259283093
521,0.20706723899215618,0.20600374826355572,0.9072369698761584,-0.5954808622965486,0.2056837812595246,0.19658494804364157,0.02004747529906521,0.7351741826880369,0.022759244120686827
522,0.16723484597493649,0.16425741140963313,-0.6875134395376413,2.938800385650491,0.16453741344237383,0.19717022541127008,0.01894227025881791,0.5711962309163549,0.02036440524013713
523,0.21198107742216185,0.2060424302818556,-0.0855954561866281,1.663826729725318,0.20615041619658914,0.1936184669095122,0.020048455001033066,0.6153490553241111,0.020363606751142214
524,0.22779994199028183,0.22333748071934026,-0.06216847148248636,1.6498722941463924,0.22346795864276486,0.19823295170264618,0.02047886636698506,0.6726464909546942,0.02086058734868487
525,0.20449372748441813,0.2139145293516541,0.19390098001150421,1.04560812324699,0.21394722240767755,0.20536383210793085,0.020246230534505343,0.5748215008682279,0.02258981585080467
526,0.19466369307646814,0.18940703653262092,0.11640610006664875,1.1662155754154822,0.18946513640583196,0.20162457246735732,0.019619802887783408,0.6449263019561536,0.019713743126872105
527,0.21655580882243344,0.21032030802715124,1.6954021225508107,-2.0613497726660763,0.2099929504042851,0.20504383854380018,0.02015632403782091,0.19567521938618682,0.021769515108805745
528,0.1939841972886604,0.18319574841371283,-0.7714788433277576,3.17302758606031,0.1835254913002512,0.2012419478117782,0.019455873887589684,0.7748956527761832,0.021553495051728443
529,0.19152107416952252,0.19826130790299099,0.04435493460829264,1.350321031815409,0.19832100806730543,0.20427595920190422,0.01984980164156547,0.6351601515299181,0.021446148277670694
530,0.20106354215529715,0.19697205428058334,-0.8195224278610591,3.3137441688777938,0.19730873538882066,0.18293795389678136,0.01981657644556258,0.9153908639233799,0.023364292954512908
531,0.18759265579930584,0.19387978474301468,0.4347621556080142,0.4516724309912653,0.1937851466860327,0.211453857093663,0.019736520694196718,0.6355406709439476,0.020309850513853055
532,0.17519714446186604,0.16369389894275024,1.3110630664979734,-1.3653077217411345,0.16335070014024117,0.1921145320069329,0.018926658272550443,0.548228820456676,0.020787973046099605
533,0.20459428111344577,0.19113484017071886,0.6021869226015878,0.0638969935432852,0.1909037316461114,0.19789909003376835,0.01966502083248636,0.702041330173482,0.021657562399266757
534,0.1953050367082535,0.18175518080977157,0.3679778707476663,0.5763574544830287,0.18175850468787247,0.1977540209263328,0.01941754302647965,0.5117941047413426,0.018830780892260965
535,0.18465136255523334,0.17643636311770247,0.2540168393200113,0.8235303226306808,0.17645170172622238,0.1967896943336623,0.019274985750780592,0.5437280421897442,0.018926496453237934
536,0.2321364852727542,0.24654990580754976,3.7205513049339287,-6.91016435253635,0.24601711320238498,0.20505756747456147,0.021033768441507058,1.0745722086558993,0.022044871773153573
537,0.21816761730041997,0.22876533398769563,-1.0277897061794936,3.8601714001430305,0.22925369701174675,0.20492084425557294,0.020610896397713924,0.7618435692199199,0.022266589322738246
538,0.2155053538434835,0.21803204670089443,0.8600699084386833,-0.4612330574282892,0.21781693606083838,0.20426432764158098,0.020348426570593027,0.5320801551788338,0.02394076899264997
539,0.20665176069277755,0.2124648478418963,0.60714608672808,0.10163621892164393,0.2123055229309633,0.20740472274373745,0.02021004683355588,0.6700777893499394,0.024633887646862238
540,0.1686722201453512,0.17295162206709247,-1.054874372394687,3.7947750070037705,0.1733721506685297,0.2046237104489976,0.019180691843162446,0.6091393149413743,0.019844193734208912
541,0.20330509890972864,0.21224702950660349,-0.3806727765191099,2.3496021058809364,0.21248984561123913,0.19355539170450367,0.02020460094543944,0.6381961848061174,0.021949996694742912
542,0.20785708649643508,0.2045916359047775,0.5746229193998974,0.15796993433860906,0.20450661023426953,0.19761052508793817,0.020011657328996842,0.6212965126314605,0.022990957994998455
543,0.18488062983882386,0.21414431095321712,0.004147153424935648,1.4779940926481268,0.21423346446820113,0.21020839224635238,0.02025195608112703,0.6448967398800988,0.020983566916378885
544,0.2004799055770418,0.20010045103803145,0.14465509494128279,1.126235800608175,0.20013789508393465,0.20156106757182346,0.01989704411610297,0.7376601111922414,0.024143579159483987
545,0.20770488240032797,0.21495016684454224,-1.8807055177137288,5.770130494002396,0.215731136363396,0.20196914403868765,0.02027201485345164,0.8726122695540122,0.022129142670378132
546,0.2091538624584697,0.1939331986164334,2.119340395191776,-2.2752637447096435,0.1934358894997384,0.197674385376774,0.019737907926336135,0.8722150709326086,0.021256191709323597
547,0.18327826631047126,0.18037367905699794,0.6403437878374431,-0.04673604564510505,0.18026487403971117,0.19285549491226778,0.0193806723553239,0.5332961813636379,0.02104924874340751
548,0.190957816082258,0.18194607069070598,-1.0929144165056837,3.901839299851164,0.18238289102242664,0.1954728291720814,0.019422629060264467,0.6990640957298081,0.022577104502226674
549,0.23195130002270434,0.24206018719576533,-0.8516656448467641,3.48953997737822,0.24252488077668627,0.20259390401174776,0.02092839102660225,0.6832573085577797,0.026532561361449828
550,0.19669636268272206,0.18665948183833253,0.5879947988534344,0.0867877607604337,0.18658297367047433,0.21265388043841058,0.019547556051519012,0.568583306864331,0.0178354142255815
551,0.19142515554543052,0.17628835906426882,0.9515494565970554,-0.7644561760283117,0.17605738212526065,0.20029428356849813,0.019270995403540613,0.4063737758866107,0.019688459180236838
552,0.18745905320176648,0.1950336299895068,0.21638916349130885,0.9514538311879669,0.19505200230888295,0.20087522855982376,0.019766453139052752,0.6492126605114915,0.02175486525366661
553,0.21316443149410644,0.19586963230850427,0.2751112739820749,0.8196562921029217,0.1958504549922777,0.20072448395597164,0.019788095170332278,0.5728885128624727,0.01917155354735213
554,0.23454527555779295,0.24282494190069184,0.027927833164526926,1.4891543141142345,0.24293106665392833,0.21053261258896905,0.020946405112318846,0.7029065922828529,0.025104751222829704
555,0.18673634712984216,0.18728186471104996,0.9480208602244405,-0.7309160308456416,0.18711196947794848,0.19766310776323243,0.019563958477531184,0.5083559429445832,0.02037325778145753
556,0.18049236409832184,0.18741148139275352,-0.09250459172304108,1.637146726031976,0.1874971062687936,0.19676103488220065,0.0195673717001872,0.651268485718993,0.02146658355622068
557,0.1768182420509151,0.19297780475623344,-0.9223528393688176,3.53871739480761,0.19340451443796525,0.2008871262408999,0.019713071541064272,0.6672898923364178,0.021422876335294307
558,0.22973146685111182,0.21082850606835526,0.6614121020310945,-0.025117935123736626,0.21077063772771656,0.20251977926116058,0.020169076073434725,0.5781830932620081,0.020379964232746205
559,0.20073919508970076,0.18608362462501582,0.5223967734089786,0.23417332013857411,0.18589872413700678,0.2063081673571971,0.01953236044040756,0.5722738535039215,0.020086517873206092
560,0.19051502564221295,0.177154139600913,0.28732111333431076,0.7493372184476398,0.1771478224550931,0.20220186961483633,0.019294319623090108,0.6459881279628557,0.02201786647459201
561,0.1853558238417158,0.18977825640173196,-0.635886973941241,2.879380847883927,0.19008039712947528,0.19979042083093487,0.01962953191265429,0.7446237787325605,0.024512093879971563
562,0.17156199566986693,0.16242868740362165,0.31831058306459753,0.6453669574967899,0.16243193267999687,0.19306378753822187,0.01889153437373302,0.5387841755186097,0.021151965514288676
563,0.18261282779399252,0.1778708537887075,0.41020263952917546,0.4711330282087199,0.17778447718135998,0.19457977969919196,0.019313594923844615,0.5795380372169567,0.019835281449056396
564,0.23398941903090759,0.23002946557771375,0.03204921614373537,1.4505785772852355,0.22994332043030252,0.1998767522340354,0.02064144260501613,1.1686424977457666,0.019543914648438854
565,0.21027601090555173,0.21810181819454164,-0.5204500875682422,2.6810907924595218,0.21836461566474896,0.2035604690389154,0.0203501509932691,0.7902599866019451,0.02116301234594394
566,0.2040711641809442,0.20782398368411528,-0.15846498211726967,1.8337473801491666,0.20797109163421176,0.19604638158028373,0.020093492479387638,0.7512288607400913,0.021067019667485833
567,0.2138009630072518,0.22632476332403847,0.6977069327513253,-0.07332251176053291,0.22606588851503115,0.21042122970713478,0.02055170653993831,0.6971727961203265,0.022684082483025277
568,0.2238963460398618,0.22525695180824507,1.5146256188410134,-1.9351009266950234,0.22497847320695835,0.19936712127499776,0.020525719297359347,0.3646253716124743,0.02056349419676541
569,0.19115948183260303,0.19973309178060003,0.6921561715042523,-0.12083968210738845,0.19946507547646758,0.208631812315743,0.01988762208454157,0.7600710648329224,0.020416473600219278
570,0.20074153635613542,0.21166542205114006,-1.6439575816920784,5.22377072572564,0.21232230731714025,0.19452805555943592,0.02019004780822076,0.7075438623922048,0.021883987529838438
571,0.13088864572440728,0.12595970829956024,-1.1678685832135094,3.945009488429109,0.12630217788913803,0.18655585862039795,0.017833998661457826,0.5594744246143947,0.01712820379887545
572,0.19973187596293462,0.20567681032066154,0.8218406101865305,-0.401981911272413,0.20553805625937957,0.20566606315536481,0.020039191814549547,0.5972525444704468,0.022136504217365707
573,0.23912727746499218,0.24022408129026765,-0.40158386009651037,2.4608817376954275,0.2404689084259359,0.1948461598487853,0.020885031693263813,0.8239732209163824,0.024324296846123954
574,0.18303584637857448,0.18012214954156106,-0.9108946621624164,3.4833719521282034,0.180507453665456,0.20269501181004967,0.019373947534691315,0.5860201906214927,0.01893011842588244
575,0.18692205786579227,0.1864990100892984,0.376776401477438,0.56701552040065,0.18646823475088925,0.19967432339045965,0.019543323423027132,0.5369025810808984,0.02172965021230574
576,0.19738764220161129,0.18797546874557997,-0.46613130966351357,2.488876956111453,0.18821499768191002,0.18626084006572602,0.019582212373268213,0.634472570614553,0.021685815396316335
577,0.21843851407113524,0.21351932810793087,-0.4189691046096636,2.4396714036968805,0.2137412359492223,0.2065562918346947,0.020236376940070362,0.7290720761252117,0.023351337857887084
578,0.1960447869280608,0.1864734268366618,0.5691304400785975,0.12923227916662866,0.18638610100459035,0.19220870675251922,0.01954264850163109,0.6148724033706724,0.020491696869903583
579,0.19144874255543634,0.18105427715022926,-2.145525028182919,6.295759041464875,0.1817187674493232,0.19267379188832495,0.019398850401071564,1.5908571110446144,0.02303689655984469
580,0.2170423441575082,0.20091451501628083,0.3298976085349851,0.7063975112467239,0.20086510784910344,0.19294321015268343,0.0199178976930633,0.645133929767331,0.021676781275001836
581,0.2202823711655579,0.2295883007395573,-0.24314323964376539,2.076029079052617,0.2297987673394354,0.2078661474035213,0.020630791048865876,0.6558538382497581,0.023864506152849817
582,0.20359437913802286,0.20720826005432183,0.00533551183208661,1.459505444899187,0.20729446911883115,0.1993150036759771,0.020077945626798765,0.7464086714014473,0.02193165724843712
583,0.1967180833102308,0.17969937000366581,-0.8607712916788225,3.368318799844861,0.18004999388543286,0.1936633724976415,0.019362636015997886,0.5904908629044432,0.019600369467626156
584,0.2187006751097832,0.21186426443494255,0.1045455739654397,1.2442397659429738,0.2118748608749058,0.20626443459834665,0.020195025229081662,0.7547967360896529,0.02202778627268546
585,0.1910337548104816,0.19238964655310511,-0.10166458829679437,1.6693279084903672,0.19250890573945864,0.20875714707414506,0.019697757009939722,0.6135574981102702,0.021376768679056465
586,0.17462060045602734,0.18531581025097998,0.8645080725743292,-0.5452107091640239,0.18521469027925833,0.19864879891011405,0.019512070516528483,0.48942461054296826,0.021312441316338714
587,0.19770785993051074,0.19377025195406236,0.38648665330200366,0.5612690333011805,0.19368569848944256,0.1936949306575253,0.019733675490316113,0.7031769360923326,0.020465004411291687
588,0.16938843296743972,0.1392564779669045,0.28051075674786713,0.6786060574063956,0.13925128130295764,0.18787117504321182,0.018230070927387806,0.5760967024028695,0.018872410850702043
589,0.17654141384735897,0.18790922867306306,0.250106873294073,0.8585299664796312,0.18792517414905166,0.20849188194028662,0.019580470262325636,0.6193375856273732,0.021542950686374233
590,0.18736518699393834,0.18551307014859278,-0.07772588465771489,1.599185265890526,0.18558621543569995,0.20317662863876856,0.019517286386282858,0.8436465006133851,0.020443217584189644
591,0.19785023277374839,0.20667057025263683,-0.8297779300225031,3.3591647420075943,0.20707197169663946,0.1941457639442412,0.02006435307190747,0.6329270399741059,0.022129297765645806
592,0.21440636682505995,0.23189844489335376,1.4507584709267018,-1.7850423883248856,0.23140370938383006,0.20833269607814858,0.020686464970067795,0.6687190210153481,0.022519298933794188
593,0.2249216113270028,0.23214840740507184,0.2481498965040032,0.9636849481315595,0.23218721239730392,0.20669830328595407,0.020692473840806313,0.6462053066370125,0.022228866883555836
594,0.21394374172208258,0.20702019669813307,0.2979760434655248,0.7930333066911261,0.20700887269466162,0.19502750306671782,0.020073193172019357,0.6469720791148104,0.020896882263108478
595,0.18010253311925695,0.1714715479960148,0.9936362842224946,-0.8715880088712676,0.17118568338315185,0.19063533001952443,0.01914042505979635,0.5135607181621169,0.022276040810964653
596,0.1512087219532646,0.16152213194333212,0.5193128861656416,0.1857309569682956,0.16143615947076728,0.19982279165325148,0.018866306144158598,0.5723095008883601,0.020154766089177153
597,0.1809427420937073,0.1753878787883536,0.3989790200273616,0.4911206550823834,0.17532965501743686,0.20321758635536183,0.01924668985445509,0.5835660704585126,0.020051371774770052
598,0.1806568896368129,0.18771702781141117,-0.41108187716313443,2.3629877909350285,0.1879354377460115,0.2004244540035752,0.019575414003188806,0.6659636417396769,0.021213092577483442
599,0.20997895884804638,0.20573008009734442,0.7847857273084939,-0.3177270714089373,0.2055690586085062,0.1912806228153984,0.020040541866694846,0.7185735265702665,0.021764220312586027
600,0.20941911868766522,0.22124412313225525,-0.04929715759175874,1.6158072982632887,0.22136960972423383,0.1884751272854904,0.020427564240578545,0.756287126390798,0.021776284672737612
601,0.20315889877295,0.19517887513893126,-0.5438996406972008,2.6822912306193474,0.19541286341396127,0.19009652983871442,0.019770215891963382,0.792187925837871,0.022317631588333057
602,0.18620887333568287,0.18497912813764608,-0.3216326549474,2.153147594355316,0.18516981410707187,0.19096497385851122,0.019503163032885913,0.6145941915884682,0.01762175602223502
603,0.20831496563844887,0.2162405548026785,0.7845279040743098,-0.2939114034556388,0.21595190360023708,0.20126555064986376,0.020304066326430826,0.6257724360926817,0.020222757637658618
604,0.17799202980374093,0.1767984733287183,0.39547881085946507,0.5019388473134176,0.17665157748149454,0.19800719838730965,0.019284743231574624,0.794972659468733,0.020539118302140495
605,0.20251502114804035,0.20678181110397426,-1.4035709509155037,4.665485194544022,0.207436997999813,0.20071674100762638,0.020067166418452253,0.7459898889998449,0.02171692966703091
606,0.2117379756775282,0.2122298880475093,-0.49057511487094585,2.5997277741288123,0.2124675693297618,0.19369939470009537,0.02020417227297073,0.7315714696312718,0.023756910406345814
607,0.21791002460641543,0.2396842922511489,0.02166909139665284,1.496253441139824,0.23979588864796667,0.20241155524617158,0.0208722552441564,0.7299138663411329,0.02393723578003471
608,0.1910288298233646,0.19645539047601163,0.8084986278853513,-0.3929730793983853,0.19625975427061929,0.2067979201292359,0.01980323649738744,0.5192573318887006,0.020044026708464027
609,0.20449255608533798,0.2155422400062433,0.8287202526163971,-0.39585430667521804,0.21529053423087988,0.20816928153473932,0.020286731504500242,0.651278377463476,0.02206075820980834
610,0.19593089944264566,0.1847060864240937,6.8686935010240555,-14.216557150653573,0.18415971240385998,0.1830660797907454,0.019495934565180843,2.201596028892164,0.023467387984679903
611,0.21771547489173068,0.22470564434139403,-0.027018651964487085,1.5729737177975074,0.22480448370213021,0.1949562602131117,0.020512280581462282,0.8921848807942301,0.020373221286914642
612,0.21234164771206496,0.21336599776249987,0.5256482990714977,0.28913221123161625,0.2132364966695325,0.19959645576462923,0.02023255181482519,0.6209084122046715,0.022132198915047682
613,0.19925765068916843,0.19080358853900917,-0.3713971137088694,2.279679680212865,0.19099046550681828,0.22201610679870504,0.019656364490150752,0.7352775851679267,0.022486162657234278
614,0.1889213279205718,0.1872863173047063,-0.13065238341396734,1.7236934714431695,0.18741763812649687,0.19254779738158304,0.019564075744166805,0.7040853981770478,0.023173282468451645
615,0.20306180513250338,0.19967544359981176,-0.9564851073569137,3.631648877314203,0.2001055833725463,0.20297811811615857,0.01988614287214402,0.7340515901255925,0.020665531652909967
616,0.20460592667054361,0.19375782884684223,-0.3061470537517129,2.1378804943382037,0.1939139854094983,0.19739068938580837,0.019733352748675916,0.8412645711417278,0.02075523418897072
617,0.175729837481678,0.17148795090748312,-0.40976674678392366,2.3230515319252523,0.17167981090235512,0.18887131538456134,0.019140872031221584,0.5672613927135108,0.019164017036713873
618,0.17768437438348006,0.17107021215787904,-0.9613184431331041,3.577543223855151,0.17142521859090126,0.1938743910417845,0.019129483845124928,0.5740388874075033,0.019612440154828017
619,0.19720585522019185,0.18473221545999913,1.105525541056646,-1.0954473460136966,0.18450097510882585,0.21031975628900884,0.01949662648372423,0.43124286378798926,0.022383977408899945
620,0.1762348041342317,0.18274345139036288,0.6755255774994454,-0.12169611631258462,0.18256727671517292,0.20257717969308792,0.019443851829336497,0.605094457612631,0.019983266091158376
621,0.2202228462366905,0.23093737799695271,0.8920095202188348,-0.504970328189311,0.2306328356133388,0.2033834185187768,0.020663334258780114,0.5229707562209907,0.022027858663376254
622,0.1852727366496193,0.1738272674573612,-0.7296960538288048,3.0565967720967135,0.17413938119118733,0.1845111612843669,0.019204453352450884,0.6769634325122678,0.01949526569727526
623,0.2178932407900676,0.21860536203774047,-1.1065568307101545,4.016334558311166,0.21912925796772878,0.20432643845681858,0.020362589059614057,0.6199819628412382,0.0218479271302156
624,0.19347434115346476,0.19754685648702558,-0.005305855839082718,1.461733672936248,0.19763733439852893,0.19844056362855567,0.019831400620369595,0.749080616380301,0.02206830271014272
625,0.2099924425103223,0.22874848288293725,-0.543935963780035,2.7587848289833983,0.22905192576564593,0.20832495567843695,0.02061048869596908,0.6801529893964351,0.022051423618994134
626,0.22315869498081198,0.21167790613609877,0.3603406146458793,0.661434598996345,0.21156849239547962,0.20676579181237775,0.02019036036887634,0.6984363989594086,0.022702758011718734
627,0.22520652562694007,0.21482744692318725,-0.7184590483935507,3.124344407408512,0.21519118998436823,0.19864100388751227,0.02026896230793238,0.6647078745268962,0.02101716105724549
628,0.2032284401675678,0.1951459435803332,-1.0575929549666037,3.85148551963392,0.19561232768952175,0.199161591100051,0.019769362859934542,0.6316715429507741,0.01956534566549609
629,0.1899060622990748,0.1974894119371221,0.194533500570536,1.0068009699000853,0.19752282190465206,0.20318132022008173,0.019829919920998838,0.7181077248612974,0.023124484232078475
630,0.24394757817022972,0.2546466457632545,1.178765782092408,-1.1039845765792216,0.254253245806354,0.1957446056543809,0.021221522616601957,0.321994277692381,0.027587903905575563
631,0.20059299132355948,0.1897164599839186,9.654195611585896,-20.5456990296211,0.18931969221060135,0.19783523100137052,0.019627912865806785,8.028244422666223,0.022663961673521194
632,0.1884051648677166,0.19075661707900368,0.2011761758928513,0.9763247994160494,0.19077068315588755,0.2099455440519969,0.019655136531968626,0.5790125438030156,0.017698363868507542
633,0.22408094855032204,0.21410290492771372,-0.1100102167874119,1.737743417708505,0.21421941347448584,0.20198477925297526,0.020250924549652938,0.6911614638843334,0.020968955707262416
634,0.17419732341968305,0.1737927363015482,0.936471432397918,-2.1550921442915323,0.1733448880515726,0.18448659626247302,0.019203517174519402,0.5929750733370486,0.019762750847006787
635,0.18107487226032165,0.19280149491393114,-0.6070089097856112,2.82052937418728,0.19306527972385673,0.19017364624406655,0.0197084827508903,0.7360481408365346,0.02286492387996423
636,0.22017796965083342,0.22516842805394616,0.5467659418144046,0.2676801614709127,0.22497359427724758,0.21455086609876867,0.02052356242734643,0.7248176406351405,0.023720568194628797
637,0.1907121703617966,0.20145983887443117,0.28303362132841103,0.8144350259111125,0.20146868555834582,0.1994276728182307,0.01993184741205287,0.6433715211130282,0.022071893678006282
638,0.2056032462401559,0.21049449461718897,0.11782479243133322,1.2109476447895804,0.2105376491260265,0.19952642015739402,0.02016069632665543,0.5778655588541021,0.020726409195058616
639,0.20893956373774125,0.2308948769012973,-0.3625807076510311,2.3508723435965204,0.23116069528242675,0.20215779837199627,0.020662310342594727,0.7108705652814724,0.02426825799538942
640,0.19691760082424672,0.192564655474476,-0.37821329855325486,2.2992033585967624,0.19276511577813493,0.19693433841178395,0.01970231589044408,0.6930456675130188,0.020186330010759555
641,0.22763330970692447,0.23718091810782793,0.8051993334322662,-0.29326716495187777,0.2368864370445967,0.20537871892251744,0.020812826297465913,0.5476822200855117,0.02418093475021959
642,0.2062124398664364,0.20804074411518972,-0.031328096709495254,1.5448504044458367,0.2081171254183775,0.19828092327613475,0.020098960963170383,0.7701714235987224,0.021493017080050414
643,0.20877858808920666,0.2243548736650451,0.41175728152123364,0.5735261308425886,0.22430857233133047,0.19452526717163013,0.020503722495354558,0.7010480459716738,0.023564981794634888
644,0.18994323301404004,0.20702341892437442,-0.06510624833696446,1.6194209236797943,0.20712221977190207,0.1963917620104185,0.020073274614691352,0.6015099440362908,0.021277273185323926
645,0.22624997885832276,0.21052015062419732,-0.8559526198866361,3.427504352146745,0.21092665605738364,0.2074368253937009,0.02016134019171167,0.5468555499425101,0.022670953992834836
646,0.20635697304385947,0.20291408689263457,0.343671506030396,0.679503552064771,0.20283057950811298,0.1999246240771507,0.019968971200761187,0.7042916446377414,0.022059270339507626
647,0.2079376752474008,0.2140586479125669,-2.1638355937370695,6.412563294221482,0.21488447467871985,0.20293292910398594,0.020249821897090983,1.193509567242195,0.02380187982358584
648,0.1838269887685767,0.17200899140194853,-0.3741869748230544,2.24325084866279,0.17221172406749918,0.1999943849314386,0.019155061781937165,0.5365874240826088,0.018967769415609965
649,0.2263371950404204,0.2199322808724154,0.5724032295781994,0.19803387212556345,0.2198729381125848,0.20811895896342347,0.020395305211672952,0.6296441273626756,0.02300698461355667
650,0.21406315972539944,0.21022662111475254,-0.46802573173249323,2.5438368497070627,0.21045740001180047,0.2144411321340774,0.020153971744497068,0.8000710330574303,0.020459403365479228
651,0.1972457736395262,0.19316918754815846,-0.9286426652141209,3.5534677834420325,0.1935962086210897,0.20023759537309416,0.019718050710153107,0.6467302774888866,0.02328748671541444
652,0.17909066608132446,0.17447231080151238,-0.460858827205581,2.446142432393738,0.17469825058382346,0.20588222602675776,0.01922192825096643,0.6837379192646693,0.02083436300448046
653,0.21387244677706974,0.2086992529668886,-0.43837165218096463,2.472865015152154,0.20895028118822656,0.20000538274472074,0.020115559132389955,0.6942203637851895,0.02108514708022779
654,0.21961229154236853,0.2167650174813142,-0.6636837387046374,3.0040756957018586,0.21708851725170827,0.21260188866242322,0.020317069441064674,0.8050799823779795,0.02269566383635647
655,0.20530551680481432,0.20436276325816036,-0.32716568972765586,2.209866221856814,0.20456022247744163,0.2016035231106389,0.020005842222634813,0.6695449189872575,0.02052898490534999
656,0.19973624753658248,0.1812833150366851,-0.8281819701813791,3.2977419286529837,0.18161390786636972,0.20445146535590678,0.019404961780760975,0.7201538725070664,0.01999667147025161
657,0.1879732900394861,0.17842726635325953,-1.6034414625660076,5.055888338823636,0.1789384147234005,0.19624764451989984,0.01932853849111374,1.0128409562825407,0.02059595164508179
658,0.2085990379701921,0.20984664115053273,-0.20154628153667403,1.936413384386265,0.21002196182508812,0.21971076182931346,0.020144426594913938,0.692511303829769,0.02028146843188605
659,0.21563901651219128,0.2150064018299985,0.3312373450820313,0.7355124514012941,0.2149874436815363,0.19870055899566014,0.020273413394310456,0.6190559139062832,0.02302664097546868
660,0.19638558537743375,0.19118657832237773,0.14392611588555934,1.1075304452312407,0.19117900149451167,0.20678223026190867,0.01966637231998863,0.5693280191735778,0.022993849154769354
661,0.18759417787326316,0.17592964725136734,-0.6903779688839435,2.9718889428121282,0.17622728871208607,0.19030826986841773,0.01926131883307158,0.6210629388153437,0.017935936178654598
662,0.18465121481303146,0.16363493372413113,-0.8043102219374112,3.2032380290078715,0.1639466602023092,0.19291684425773806,0.018925023522199703,0.6490336353881493,0.021780774442874934
663,0.2177264760438007,0.22030251115828736,-0.840570641770903,3.4147583905956136,0.2207397727688861,0.1962286954874128,0.02040441799074502,0.7416138848033668,0.02292888777622846
664,0.2022295624169202,0.19425316613895183,2.429807351585965,-2.418202571777572,0.19370785601674495,0.19655462723901065,0.019746214674717856,0.9458705111176109,0.0210722858861537
665,0.17820672219954087,0.16813254513989728,-1.5558710098908204,4.924180562550498,0.16862033647874508,0.200015318686221,0.019049102854841474,0.9410565341881519,0.021002868712974104
666,0.18828537215582275,0.1758404146448801,-0.6511238506937995,2.8823334928317617,0.17610976488026528,0.19701885959445434,0.01925891053382795,0.5795658413567452,0.020730943000634577
667,0.22314857022600373,0.23197772758907156,-0.5421976003379663,2.7621796761048434,0.23230223465427854,0.2037546560084236,0.020688371173550137,0.7195268444193453,0.0214969190171748
668,0.20709401198703678,0.20269349780485169,1.0572099001018775,-0.9449409323484949,0.20240810664887768,0.19187240602093306,0.019963347209117813,0.37765183877285485,0.020209470072311008
669,0.22894849981901028,0.24003948160789554,0.3779977666041539,0.6861045162923695,0.24002222082675487,0.21242111690373525,0.02088066384865588,0.6828760501051235,0.02138894997943917
670,0.2172300847103329,0.2277498977122234,-0.2719040930694143,2.137312279666751,0.22795996664930243,0.19800156065994895,0.02058630429627611,0.6116460698574352,0.02382865509445866
671,0.23185380929250263,0.23563122105470252,1.415541763602423,-2.33923116962216,0.23503995078982023,0.2028968750397194,0.02077589155112724,0.8457906289980948,0.024879465975544163
672,0.18802895520402493,0.1999226152821083,0.23037387241379037,0.9307010834660694,0.19991736094982998,0.1945256370503676,0.01989248388013091,0.6755170274882801,0.022320032944658966
673,0.20482825848961744,0.20352742460268494,1.801398024737779,-2.638768188570906,0.20309094265698724,0.20340719395902326,0.019984595011421784,0.8232719083811695,0.02269337605592912
674,0.21989941962469292,0.2023798868398374,0.04419628923185128,1.3600456848186995,0.2024187478438653,0.20502773602230173,0.019955347186415267,0.6961382187926212,0.020853989553279734
675,0.20263050620801837,0.2034987829108304,-0.11655270377114979,1.7285005398101303,0.20363079701767792,0.19700914859586577,0.019983865848994774,0.7364938021310317,0.022862324606424938
676,0.20939689487036775,0.21816060634906792,0.6645938832064061,-0.01586947260988202,0.21805408042242444,0.19896238505931613,0.020351603771843158,0.6690111150579311,0.023638477503718017
677,0.18745997033965192,0.17887132975724626,1.9708138695001458,-3.0836144857143983,0.17855505553967174,0.19538939137514805,0.019340451819166927,0.4160901475241692,0.021716815957725004
678,0.1967953273746516,0.18651524472276135,0.36069585398501824,0.6034999330609646,0.18644973829241404,0.1995802047455799,0.019543751695954053,0.5300783117204958,0.022038940569933364
679,0.21136909563379713,0.21894693854687508,-0.29422593411360504,2.1680821017654766,0.2191617386528954,0.19682880107498696,0.02037101920397932,0.6534906725265548,0.022984896775757355
680,0.23001426362774538,0.2164601729709108,0.17145600264589309,1.102481327333724,0.21649989243005574,0.2089438629774065,0.02030951303880423,0.6671415170121522,0.02326926171667738
681,0.1838062828225118,0.19867584659941817,0.47149981556337844,0.37918913402181326,0.19862300070221042,0.18915753672926164,0.01986046574545787,0.590021558590623,0.02105250643937798
682,0.22697965769944642,0.2363751100219229,1.1691824308830692,-1.1212867744167243,0.235962222427622,0.2088764155269849,0.020793635001930707,0.5868811662251687,0.021354855104295016
683,0.22406013808316289,0.22212892316241442,-2.060202997397575,6.195043029280814,0.22291655844916453,0.2021934496365661,0.020449274286143217,1.3991574595073544,0.02366735793381584
684,0.17714872808629972,0.1794861478681814,0.7278527024286267,-0.24786229919228192,0.1793532693839266,0.19242049909512168,0.019356927322827167,0.5673426183299112,0.02170061542160074
685,0.2032774391849754,0.19216959165143122,0.9281038221569387,-0.6748346678582542,0.19195020743325983,0.20144073773087323,0.019692022327052715,0.4660713187884285,0.021003494474134247
686,0.20902482665997105,0.199361064805709,0.30582054655900315,0.7577205912099909,0.19933782647957443,0.21432983450839524,0.019878073016320687,0.6463490204741504,0.022344494778961256
687,0.1712693525981984,0.17418296704800587,-0.49243511809253904,2.5173547952712383,0.17442027592550538,0.1938632096907536,0.019214092663116192,0.6561179472302294,0.022482565802912115
688,0.2249125022219516,0.22609761603576042,-1.666896911747419,5.3088337164561885,0.2267792958810313,0.20790447183273736,0.020546183085849958,0.7746936260912656,0.024061296479549257
689,0.21681276964978505,0.2110405603368075,0.5202367813648187,0.296077143585783,0.21089853575321876,0.19692799668787,0.0201743931794806,0.6160139029021829,0.023054117088483837
690,0.21487856421810464,0.20075073463172308,-0.40688969897130356,2.3831100819328825,0.20097101177733967,0.19276135850238965,0.01991370501575128,0.6787721738772325,0.0223023187127619
691,0.17649621907656893,0.1686475060124008,-0.859982263942894,3.341371325106359,0.16899501529201644,0.19319018250213307,0.01906323089802227,0.641733938213125,0.02163420628076787
692,0.1743639894203557,0.1758059646399323,-0.7623673407175476,3.1354718813017577,0.17608308537805428,0.2069695880270691,0.01925798063764843,0.7086281184163686,0.019882397301863905
693,0.22153062726273498,0.21166172041643158,-0.48745255397983644,2.5913230830279605,0.21189166261845507,0.20430700575312064,0.020189955129871057,0.738253735885929,0.020877585163172334
694,0.16772980540124952,0.18220551151910405,0.6498600173790879,-0.06467114826768103,0.18201793282310022,0.20857040827241036,0.019429538215476223,0.5550532481613188,0.01916276138790868
695,0.21087646710255922,0.21321427418769784,1.4607106406481944,-2.2100018120592217,0.21268844412152915,0.20213397576766873,0.020228765604034245,0.6080829413589368,0.02230596666867668
696,0.19708710089254572,0.2111953878821204,0.2675318413601383,0.8718194917424255,0.21119374655736517,0.2040658608506647,0.020178273919239986,0.6754773360428407,0.02111932997544315
697,0.17829946317415274,0.18064089331670768,0.2093199847931323,0.9347036664732977,0.18062456339650257,0.18589655438162783,0.019387812533560343,0.6261550408476776,0.023761996603010687
698,0.18824348612454092,0.1860353518991133,0.39174658044413463,0.5319202390454912,0.18600742486348856,0.19879207922447234,0.01953108578327312,0.6430660917974143,0.021341631590156937
699,0.22357209435313483,0.22672235923698472,0.4130627575411201,0.5756592225613423,0.22659408954572632,0.2028311693907248,0.02056136874053207,0.7177182723489167,0.02237867457299759
700,0.20401332533920166,0.2177669277619807,-0.09780502095871173,1.7183058889201561,0.21791263107768066,0.1943333668841512,0.02034187187321184,0.694979020595669,0.024829144816267915
701,0.19235700399648484,0.18957790175824854,-0.1019207427087456,1.6635108663674947,0.1896694031406947,0.20819038799180226,0.01962428191513135,0.6187472505799896,0.021295931116405625
702,0.24605426340082637,0.23512547177195126,0.29804239488336326,0.8567145901491519,0.23507254026528404,0.20870785775093603,0.02076381352963651,0.7221948918776409,0.023356562830845157
703,0.2236181827098145,0.23379606275083106,1.121023003082339,-1.0184248495090567,0.23340899909844914,0.20055387551013926,0.020732008234792824,0.6336661144888651,0.024168266563709507
704,0.18170457385057825,0.1703511831980957,0.09767169867010418,1.1654419823993412,0.17038013209719408,0.19677523274845649,0.019109857586818674,0.6483691338242589,0.020129300137876772
705,0.22066812718302634,0.21477706660142937,1.0178615290688355,-0.8280664307010561,0.21446843081514086,0.2092206602216152,0.02026770892445458,0.4513708432366186,0.021722814842599792
706,0.2083903525577599,0.20437098299519724,-0.2938563158809584,2.134064164814467,0.20456425918262713,0.19753535721172394,0.020006051113880402,0.6748921845088238,0.023188000554566247
707,0.17558343313086025,0.1845475402367829,0.25180236498392894,0.8468100662149027,0.18448853517384173,0.19366157533787567,0.01949173530352468,0.6698490735183062,0.02144242003105258
708,0.21216056942844663,0.18865424468432118,2.2251034582792704,-3.6349592462270284,0.18800427171516246,0.20106166570918352,0.019600050066820925,0.762990387038169,0.020820949208793692
709,0.260271763417015,0.2443839297602318,-0.18478958791566594,1.9768870692591158,0.24452271607234594,0.19758048570680992,0.02098304523282117,0.6474643049121409,0.02490116075628606
710,0.17791087427955304,0.18301492274596473,1.1393498084484213,-1.1759147791123181,0.1826563146782118,0.18687560017869562,0.019451068936234935,0.5511959274321363,0.02083390718712616
711,0.2273211610656307,0.21587551055390392,-0.8790666492989158,3.4923106665665613,0.21624927014035245,0.18152282992956223,0.020295007589446013,1.0186776194137046,0.023806643023493754
712,0.18896693104876586,0.16991624551310797,-0.7908409098142524,3.1868732370326573,0.17018536093462397,0.19863549634847555,0.019097970697074165,0.8375930922708068,0.019648319440078686
713,0.2029822970356509,0.1970453801817287,-0.5637665512243477,2.7317577373943824,0.19729023293688783,0.19510313599533574,0.0198184685119757,0.8340907481885412,0.02155833355819614
714,0.2083541816822965,0.1885881790672754,0.11418808652413306,1.1693719385520311,0.18862806566594298,0.2008110884167223,0.019598315041059678,0.5243458926456452,0.019927597386731506
715,0.18153254720801007,0.1785733700086724,0.5332675469072633,0.1908009473377507,0.17818706258083541,0.19772225950535963,0.019332459419074393,0.954473251277955,0.018984938188047765
716,0.220013533894189,0.2230341887843066,1.4970026815640165,-1.9263612734354052,0.22254129262359934,0.2002531026132171,0.020471446828986266,0.6994303596930597,0.022471615900119722
717,0.1788298423858689,0.18251427408749707,-0.10507374937162707,1.6546079394635118,0.18261337197567173,0.19183687585066347,0.019437755849678672,0.6367391060115893,0.019740202723244542
718,0.18037508806701905,0.1865458739206509,-0.6976544910796436,3.012614350392066,0.18685534157448738,0.1996532180140893,0.019544559660169738,0.5920624540886202,0.02321947211930282
719,0.227113580722247,0.22169041051880567,1.027034861629249,-0.8324533286026514,0.22147999734477378,0.1909152940018317,0.02043851944390843,0.4902579618830251,0.01995590644835363
720,0.2075671710131271,0.20754316768160455,-0.8867521385355827,3.490835260243819,0.2079144533513572,0.19992190848570252,0.02008640438140557,0.7817630169362526,0.022899102696844514
721,0.16901962717882893,0.1670931196104086,0.552736941763779,0.12243391984514951,0.16701679253729076,0.1879099346444458,0.01902053707386879,0.4897158429199442,0.018296459840493207
722,0.1753200254985531,0.16391297165247912,1.4217957451859529,-1.8638110058640172,0.16367571172993337,0.19460309546141386,0.018932729959419393,0.09720110464810267,0.01987138762877121
723,0.1953665984402497,0.18760004146651085,0.7597945635450902,-0.302184152763834,0.1874479946665019,0.20114443406228674,0.019572335415404915,0.461060522440928,0.019917750530770828
724,0.20249926609012825,0.19525873867310845,0.2652077624653558,0.8408649407897064,0.19526331941909608,0.19811610892364062,0.019772284367349183,0.6194473726059471,0.020411469463851663
725,0.21462413504903013,0.21389954208093495,4.7112280696597315,-2.260807169267844,0.21345669639227602,0.2026760510070652,0.020245856999075804,2.264421590589935,0.023757980008791795
726,0.18350103692847503,0.18252607173673965,-0.7773091309603143,3.184777976867414,0.18284821225628836,0.20492502510100952,0.019438069733177757,0.5892714412561707,0.01995936951930936
727,0.2070393607217517,0.1943631487678597,0.06452312499920107,1.2955571133335968,0.19442386926091018,0.2007779121522195,0.01974906867256222,0.5700390606511778,0.02215971861971725
728,0.20507457414653432,0.20497518582384971,0.9462135462591487,-0.6875660218965532,0.20465321833569866,0.212212728029526,0.02002139628151031,0.5425487242960589,0.01908667500865556
729,0.19509939138753374,0.19911738767287707,-0.18740930943071724,1.8798126778864068,0.19923106602398213,0.19504076165730042,0.019871814393283584,0.7813874660607475,0.021177606959129246
730,0.2048179903423554,0.22468997261375037,-0.38032046284684995,2.3771238920266806,0.22492987761382582,0.1923911759968715,0.020511898350810454,0.7614938780507053,0.023462955663259212
731,0.1971726097121438,0.19914713788589877,-0.007312708797285695,-2.1085260779986523,0.19888972535412494,0.19335210760434668,0.019872578669827303,1.177358249936971,0.024652346469978666
732,0.1928808260696936,0.20053002133680184,-0.11507567735611056,1.7183805265458627,0.2006645279182649,0.1962277616493264,0.019908052641584927,0.727499961147242,0.022420573474021533
733,0.19411681287029425,0.1919060245112734,-1.0683231086980138,3.8685362204978695,0.19236593709090877,0.1946716598215817,0.0196851502110652,0.723722670513656,0.019901065825884967
734,0.1909080758581929,0.19198624269296047,0.3651917805188408,0.605449369070992,0.19184002470024125,0.2033262466334293,0.01968724218262289,0.7835825872098477,0.02027834068086679
735,0.19416158863863014,0.20074795891817543,-0.5063911265155565,2.609589535951011,0.201018921927709,0.20547472930598779,0.019913633946938087,0.6409608617757268,0.0209722945855976
736,0.20969973044581988,0.20959097899098278,0.07191367378273532,1.313401380337118,0.20966173021175774,0.20415224747476857,0.020138000165817564,0.5831763257081626,0.021936524457085667
737,0.21875741556240766,0.2301752296364579,-1.1207554448601427,4.07498819602406,0.23070239582759214,0.21555353731887092,0.02064495991967514,0.8072008587884925,0.02260462360547041
738,0.17560286533748948,0.15471600068653385,-1.7248375094044106,5.278239676834127,0.1553160058224962,0.19064880613706206,0.01867525007300906,0.6668965256226671,0.019244884093116327
739,0.1698021772495005,0.15048218852129638,-0.6271606431011194,2.770068922492514,0.15071532940868904,0.1930024924196393,0.01855490575621249,0.6557851712831335,0.017956625890621466
740,0.2046048252679497,0.1998040079292631,-0.36496291056343716,2.285526473900488,0.2000107623061936,0.2017251189298287,0.01988944150122228,0.7115433205518944,0.02515445617853434
741,0.20032823414657763,0.19918674438277112,-0.6302731171786049,2.8880131683387766,0.1995065353732858,0.20403455344785112,0.01987359607891781,0.674362496001857,0.02229982796329673
742,0.20486095767361537,0.20800108478742663,0.984220742733135,-0.7664532093580044,0.20776461189574794,0.18979283638609354,0.0200979606093121,0.4829616668909038,0.019828241823000067
743,0.21872989232073176,0.2079650137863754,-0.10947745111862202,1.7225620092584308,0.20808103032034617,0.19260075832810344,0.020097050695803854,0.6876694862115268,0.022672351938903625
744,0.21116042331251872,0.2152357576993777,-0.5127681091661762,2.6570862490017606,0.21553384356174857,0.18859647859418752,0.020279115735158393,0.6695526947700625,0.02360968787506068
745,0.21809277226274013,0.22193641613894516,-0.5812750336951366,2.8282692892775505,0.22218848987415843,0.20546686625256189,0.020444554071017786,0.9770306560961574,0.023278003951750434
746,0.20658258041905117,0.21419119843266884,-0.9174642690172234,3.5758772779582664,0.2146448355169883,0.20853937746248594,0.02025312406552192,0.7670296634243391,0.02171756173543114
747,0.22046012304009516,0.21927259488932677,-0.2563935563533675,2.082716210872475,0.21934756356755533,0.19722116533149087,0.020379051057217913,0.9962307189641838,0.023169062200536022
748,0.19385250929432724,0.18752766150496059,0.230892689451442,0.9014186587183365,0.18756072410157057,0.18925087727789092,0.019570430297144704,0.6031577075187844,0.02069982147515499
749,0.22276389499920998,0.23310444523279053,-0.1761439567387551,1.931532989345433,0.23327806454836536,0.2129040528129818,0.020715428904579152,0.6769814656870783,0.020685833191081124
750,0.2340088297180462,0.2432836178289591,-0.7678094643839981,3.301449555193549,0.2436733422723281,0.20787759727621322,0.020957196613133278,0.9076404011199264,0.026234396599780312
751,0.22037785868349916,0.22498436338968472,-0.028268711453166725,1.5764530551061844,0.22510484576435644,0.20140579317103335,0.02051907650036692,0.69362928110525,0.0247827197749131
752,0.1987002909253065,0.2189829014082118,-0.5413526178845443,2.7306798156685206,0.21921929296091464,0.2043840566879667,0.02037190643492675,1.076288409408504,0.02364128542541663
753,0.16284384355395506,0.15756782209321127,0.009731962511670049,1.3365058073883942,0.15761936856401987,0.19675934908024156,0.018755661185678563,0.5943592994942222,0.020526852214512184
754,0.21320789882292268,0.22205827286546398,-0.4171113537094374,2.4548766918346603,0.22232889531617211,0.20587776770070365,0.020447542172589595,0.6837355380099545,0.02545200808940764
755,0.209196082539431,0.20198396553078615,0.2551904131902678,0.8788672060760585,0.2019558807542869,0.1846536160413397,0.019945240077996636,0.6024052104627857,0.020626187085324387
756,0.1962977548842306,0.20986314305238646,-0.3984444072163523,2.384633723745014,0.21007886736740608,0.2040643069112775,0.020144841278477182,0.7455279065187741,0.022652688929092384
757,0.19024913945374777,0.19874414868336937,-0.08100351240303154,1.6367601332192734,0.19884282493362374,0.21133466812032334,0.01986222195088244,0.6462028505802856,0.019246587487140907
758,0.19821324767978554,0.22396415893256838,0.028869307200014745,1.4440781152676994,0.22404749448881278,0.20625132754560208,0.02049418282150267,0.6950547775803683,0.022105346122557042
759,0.20488325669669208,0.19614161410182093,0.8836274951409474,-0.5650352806055051,0.19586508726008364,0.19144116138383666,0.019795127960089927,0.5789111224779467,0.02006933320439816
760,0.17725379023173465,0.18656160179030642,0.9987302159120174,-0.8479074325130018,0.18638341927288388,0.19279216715899736,0.01954497452346035,0.6152251350091379,0.02096805993800844
761,0.18580263143630565,0.18906276536517283,0.4340653769794247,0.44233414051977055,0.1889789503793403,0.20887498573296734,0.019610773315468052,0.6201350216099095,0.021028724418834
762,0.2005832985221324,0.20041012046972728,0.5628975405928838,0.17523687684965467,0.20034911767460756,0.20528571957347963,0.0199049809479051,0.6710200468479771,0.019990743818823587
763,0.20999495627483047,0.21984549270683468,-0.8197221549253589,3.3662629903874284,0.22023155748025192,0.19610176677750435,0.020393168045826807,0.8103955607264595,0.020548583030209615
764,0.1999718256032342,0.19399110156414448,-0.8119799525254757,3.2897907968739855,0.1943479904821998,0.1883897044268234,0.019739411570509232,0.7012854382646211,0.022920736331644546
765,0.1853409127497016,0.19547836217627687,0.14454775516291607,1.1159698897870987,0.19551973721277394,0.2033515568886023,0.019777970862595952,0.6677455297638509,0.02088342711948206
766,0.19840720145945864,0.19604749502132082,0.054438890920192363,1.3222956999597033,0.19605252773325568,0.1978383344866645,0.019792694720765624,0.7415848443906318,0.0241246922841594
767,0.20567607791274212,0.20799370984191806,0.9518745553307036,-0.6925851031121383,0.20782228490114663,0.1922986005049294,0.020097774577166348,0.49133213268982023,0.02195690547976527
768,0.19300179725182423,0.20363837927257272,-0.3664630862232771,2.297661350439475,0.20382712165874017,0.20364732275860364,0.01998741929796108,0.7187332807910902,0.02214191975546021
769,0.17442682877855203,0.17713984867128027,-0.284675502189653,2.051184564852313,0.1773069681631117,0.2032169432563272,0.019293934978937232,0.6366149080169943,0.019932085977455667
770,0.1782653622083235,0.17405579131387006,0.8041359548077223,-0.4343649064395016,0.17382666870252592,0.19436972450441745,0.01921064711179774,0.5007731047879214,0.020886561546232515
771,0.1867892898286147,0.17778531321317542,-0.4601034827703797,2.451963408683573,0.17797500753278675,0.20663575511379778,0.01931129596712758,0.7269127424167936,0.019159799902532273
772,0.21456032044190643,0.20784910311022683,0.13900862334114003,1.156670525076319,0.20785951252144585,0.192065078325579,0.020094126322404347,0.6789323624197997,0.02200027241749318
773,0.2273039060324337,0.23434387671234294,0.790931847634208,-0.2667477145539122,0.23414979520189888,0.19728869739138827,0.020745124382250752,0.5777395364225087,0.022673754568185912
774,0.22429883353546864,0.21976676065800418,0.38724287419723313,0.6186655957540288,0.21966564875240957,0.2168506119431502,0.02039122894094404,0.6556600471584412,0.021609793545609
775,0.22805759124628877,0.20628527159015184,0.2756379472102451,0.8418577393276706,0.20615978924382852,0.2022272906332817,0.020054603683330667,0.9919876748478941,0.022055779801825055
776,0.2221718010751968,0.23561183001500544,0.39386017444212873,0.639712255271562,0.2355295126614092,0.19906825542852186,0.020775428685401942,0.6640047241341498,0.023803756350052014
777,0.23351231187604338,0.22904848684728554,-0.28345954374571747,2.1665702171204804,0.22928066688385745,0.21427458713995276,0.020617745070871756,0.6815501801800854,0.021194994182023252
778,0.19736790568602608,0.18019565596071618,-0.9787158988583654,3.637917188415068,0.1805698177308183,0.20024270864957905,0.01937591315757755,0.6453417983955583,0.02028775287837529
779,0.23374476399669686,0.23246604274069574,-0.42169435034796343,2.488999573424275,0.23269399049052863,0.1926583685071509,0.020700105246043342,0.8479041836385388,0.021186890246670097
780,0.20723834670312813,0.20480933597099557,-0.25046462498699346,2.0362937934776095,0.20498420325214511,0.19541219060430962,0.020017186027831476,0.6078689023591007,0.02193897232514748
781,0.2241856466467433,0.23624160192905105,-0.44478295111235994,2.550148334753505,0.2364922680500632,0.20638796376002344,0.020790452427926723,0.6587869977342019,0.021188896135154976
782,0.22115949482438116,0.23145273073762557,0.11635818776142576,1.2618579403732433,0.23140651935126397,0.2043211174547138,0.020675743075806365,0.9801585298625699,0.026229672168905774
783,0.1999896284133704,0.20063715143933206,0.07888901166099632,1.2771365939937585,0.20069362075736738,0.20527895420281725,0.019910796520850038,0.6484458002280177,0.021302234514526938
784,0.16860254431377325,0.16929401385928275,0.6852234831291991,-0.17419997708479393,0.16915242642964767,0.19007840629879275,0.019080945274796812,0.5314398797618781,0.019004573631903773
785,0.23648494898654404,0.22958891938617218,-1.6488848536804486,5.275781961126473,0.23036277795293816,0.19840921449486523,0.02063080599206368,0.727885972174116,0.02164996863463444
786,0.21157093142119332,0.21238928847616897,-1.0729063837447788,3.9255908265054713,0.21287703875372496,0.19873668236996916,0.02020815797297356,0.7178390921661771,0.0218196914986136
787,0.23454643564768127,0.24167118750197905,-0.2733124207513249,2.172203283703125,0.24189827155473534,0.20495657080910626,0.020919217749048688,0.6430155607740929,0.025182091533219333
788,0.18859368621187647,0.17631971845753044,0.3666151216044545,0.5670221033810113,0.17630214305878375,0.19752489041067608,0.019271840993197654,0.592876480806494,0.01841052430440017
789,0.1934618069502118,0.19511227443057774,0.6290369317945962,0.01272630212068762,0.195047318076501,0.21523775638813022,0.019768490661208896,0.5436898924368719,0.02090489634103527
790,0.19833682125295182,0.19335611682128,-0.35124008440606,2.2396069842882316,0.19355398453396588,0.20175758915849815,0.019722912082308284,0.7594515649559912,0.022171929891943915
791,0.19027618044105943,0.18818255666374298,0.6339805935501317,-0.01435881482936523,0.1881022434343925,0.2083622520852905,0.019587657198909574,0.58908958698925,0.020315457119866848
792,0.22631565297235884,0.22756835439061932,-0.49213242901795107,2.6381806749974963,0.22777730166186433,0.20634663237927,0.020581902424748597,1.047011524521803,0.022071845245268337
793,0.18415285852583685,0.17690788044244826,-1.1822308410109406,4.093670783103133,0.177386029184381,0.2081909283117219,0.019287689827559656,0.7836028728696781,0.021622754182659493
794,0.1832086879429972,0.17232226118627117,0.35413191614483347,0.5858609457865941,0.17218103840080767,0.18830062126326394,0.01916358542591503,0.8268049964497529,0.01827957516813275
795,0.17405783699643476,0.18810217474389326,-0.018559273529530466,1.470404142915145,0.18818511072031743,0.20081803830053882,0.01958554405400994,0.6388198539160487,0.02113751227908496
796,0.1966841292186831,0.19922585396725215,-0.6697666493632058,2.978001080227742,0.1995611105418042,0.20388140508246097,0.019874600641269117,0.7139023666545153,0.019438489089110306
797,0.17730448067382573,0.17382164995870006,-0.05200204343119224,1.5140198944205099,0.17390276489341527,0.18629598618494858,0.01920430106063174,0.6976953677365094,0.019708152164817767
798,0.20300261629445804,0.19316246054446565,-0.016173192366553398,1.4764892671853787,0.19324961127764467,0.20164728928477021,0.01971787572891915,0.6887832498329655,0.020910159498378416
799,0.23295302053549968,0.23254166769696324,-0.7995924110768597,3.3493442232416584,0.23296342972124384,0.2006772340836556,0.020701921485171023,0.74061237892713,0.022675462499762482
800,0.15519155927895395,0.15250264765751279,0.05153726455036335,1.2298224873662031,0.15253777515414058,0.20862034009763566,0.018612481568425758,0.6044192396804715,0.017995939686612554
801,0.2008539680260891,0.1983721246169727,-0.7990086373878718,3.270233854909242,0.1987578008540418,0.20222253119881411,0.019852653327234477,0.6612365728888787,0.021788687751104287
802,0.23407320706194684,0.2660594304815191,0.027914036814140796,1.542069762140977,0.2661664388823641,0.2147593446297443,0.02148131279901086,0.7484059896681831,0.028032618104681196
803,0.21761022405302155,0.21599755175355106,-0.8433697133009062,3.411332819506343,0.21642363585220145,0.19527643359800764,0.020298036838697825,0.788543763477058,0.024952552480139424
804,0.1939578882236571,0.1819604763248466,-0.2764492418219028,2.04343365183599,0.18213365720397307,0.1968405212094553,0.019423012796750485,0.6037204847044977,0.020203929677377497
805,0.19455210577683332,0.18814743117572288,1.4454167192173235,-1.859818531818458,0.18792576938618538,0.19879179926104007,0.019586733835957496,0.3334469849229287,0.020172497805571326
806,0.18783876279648418,0.18245291336628178,-0.27413266841018763,2.0392811673703095,0.18258703380005323,0.19249039388767628,0.019436123183132117,0.6711683477881334,0.022170991349311598
807,0.2024838347832708,0.19165552992257884,0.6403125036145917,-0.021407313849886905,0.19146108578970547,0.19313908116969997,0.019678615409160112,0.67918066302785,0.02176335361517852
808,0.1515364567401591,0.15695503939559127,-0.6952759471850116,2.9398467348745534,0.15722582085136985,0.1965145196878633,0.01873842666717492,0.6700162198091403,0.019846199162128268
809,0.19325664776317408,0.19635793184622535,-0.9439338516784826,3.595530600554814,0.19677919585860035,0.19726065832631992,0.019800718562213798,0.660745238345675,0.020692240249808005
810,0.20680374762268233,0.21145028212865527,-0.5061253566647081,2.633348304434047,0.21169226564544869,0.20258164139260224,0.02018466016259027,0.765166881732833,0.024378532113876243
811,0.18593662199904537,0.1832284900446167,-0.5287011948011098,2.6204970817060866,0.18348294341031376,0.19970471699092415,0.0194567437088116,0.7273617612801383,0.021717987000735628
812,0.20238383080807373,0.18608105056174573,0.31518176723748653,0.7061083625030219,0.18602763479857184,0.19756362123158114,0.01953229247472804,0.5614663816488904,0.020459571082036495
813,0.2299567488707263,0.2240338734657568,0.570297927027918,0.21148281832393878,0.22381599029704102,0.1935403311674859,0.02049588551231753,0.7429855997053902,0.0224726535256645
814,0.15812483598235225,0.1620442511634676,0.16060135467584288,1.003319903065332,0.16206045772007158,0.20151462746085722,0.01888084226849989,0.5488108575098579,0.020085126036283176
815,0.1818077303199667,0.18179479272604956,-0.6759276016581771,2.952342952578629,0.18208039870084597,0.1933317868513682,0.01941859861011604,0.7076672283783402,0.0212908915164501
816,0.1992115544977771,0.20259102702322146,-0.08260287864148834,1.649155775532388,0.20269086722823645,0.20920890170869358,0.01996073381199436,0.648538646988973,0.02208840337791717
817,0.190421773627584,0.195312086990533,0.35370211881050395,0.6395548531753248,0.1952794447202443,0.20577589961735876,0.01977366590292566,0.6853695050637487,0.0229283124851569
818,0.19225238388912677,0.19344729693929466,-0.28848233730457457,2.096967833116514,0.1936193955534536,0.19074173058718163,0.019725282664254832,0.6819734765879324,0.020195120030562744
819,0.21076418843296196,0.21591184050812068,1.1795406678144063,-1.1932315987283084,0.21562851657828006,0.2079069820657191,0.020295909432428524,0.5280112258778292,0.025832245888287583
820,0.1497836069279894,0.15779279374095015,-0.05029000254396085,1.4736393313209089,0.15787889662931748,0.20138014503102045,0.018761982533060575,0.5730636283187415,0.01933802111389719
821,0.20663934805612397,0.22000599501956739,-0.000917332401113653,1.5028654538111497,0.22001406080690525,0.19931335158571675,0.02039712013684212,0.97331628128992,0.022467364512445062
822,0.20248208119334088,0.19688381093177668,0.012051548512866137,1.420711349867172,0.19694571653754536,0.20388680747368834,0.019814299073022033,0.6813805602791269,0.021125996818062272
823,0.19998183965179483,0.20166798681726666,0.5573752827474212,0.190150767697978,0.2015044422801671,0.2053254764884261,0.019937167817148,0.6500281123530568,0.02249882743338856
824,0.19836366771178757,0.18788380949049,0.14891566944866722,1.0887507613502816,0.18792422904941158,0.1980774737664344,0.019579801674008794,0.6612806616394813,0.020046291134386753
825,0.20575751213158233,0.2016729091051368,0.8228750299005537,-0.41385254023539625,0.20148050453878444,0.19326138309742902,0.019937293606518133,0.5041032342573927,0.02034427524561278
826,0.19631550034895776,0.1775422990249402,-0.6464512812349023,2.875575334308968,0.17785892883325935,0.19653528196956724,0.01930476248723512,0.613139824096029,0.019990393163008567
827,0.18997211556748375,0.18334684747952076,-0.1743136000699253,1.8141017679089455,0.18349217633688858,0.19807294735413578,0.01945988750983131,0.6799994196356742,0.019953250611646156
828,0.20427785409373334,0.1980534499531507,-0.6120633404401247,2.8439848371395873,0.19836668337146132,0.210436269280231,0.01984445098669998,0.6255642412265697,0.021851843891795376
829,0.18199857993546853,0.17128398838343653,0.3584487800827356,0.5741114808237268,0.17125936596507124,0.1870635832003362,0.019135313008753155,0.5625881034837578,0.020605252790105277
830,0.1980675910939855,0.2019525355997263,-0.7575420118187307,3.1840011606454284,0.2023177656983587,0.20671265722118184,0.019944437378266427,0.6398949483709606,0.0194194237160272
831,0.21101744936903305,0.22302270377651437,0.2922162735004498,0.8424410847017776,0.22297478183489425,0.2011797969465626,0.020471165779010116,0.6273162270006591,0.02169458967429416
832,0.20869539963522143,0.19291201727668456,0.40487342472256344,0.5172186738919577,0.19275803503594355,0.20249961166321295,0.01971135949878109,0.8614684211544554,0.021088112039755646
833,0.2230670408727884,0.20914845929011674,0.3757000948402625,0.6210547868949952,0.2091335073986135,0.2096423567059278,0.02012686888911502,0.6168982330512156,0.023296622678101293
834,0.20902923353029595,0.20916212852123203,-0.6391528689843455,2.930935463724887,0.2094336974540624,0.19591156660844136,0.020127212879552797,0.795129085034875,0.021978882854135216
835,0.23704518215810066,0.2239969343851821,-0.5862393075376207,2.8442588699769003,0.22432743038333725,0.21090020257396414,0.020494983350625,0.6283372624869638,0.02177921378643567
836,0.19694134212314102,0.1951970295955239,-0.27067959332682145,2.0604301330949903,0.19537911430626614,0.195366852222914,0.019770686124966963,0.6453944586898032,0.019414175314149875
837,0.2047004913509923,0.19975232566865192,-1.616710072859309,5.134633522537061,0.20040586336495209,0.20640297824648182,0.019888115573441865,0.7706311875420436,0.024741871890745136
838,0.21833628917824335,0.20520239323890324,0.9540881677347641,-0.704764743719506,0.2049150794004132,0.20301224400783074,0.020027161825603223,0.5351751679160553,0.022920310970295038
839,0.17763577998839636,0.17526064509732647,-0.053159833370732566,1.519930689647099,0.17533993190909306,0.19306345451593224,0.019243251758654874,0.5920801357175071,0.020325074343605126
840,0.20968901859207537,0.2303449701727162,4.065129123453986,-7.731708442197177,0.2299346904569939,0.1989593670625336,0.020649054517561563,1.4552962723935732,0.02351259977101111
841,0.2345856282491233,0.24403053262591032,-0.16604546679005364,1.933413360167638,0.24422217820515973,0.19693012974123006,0.02097474918733161,0.7534145501452179,0.02527178364423108
842,0.20622094206654573,0.2041718059854817,-0.40937235098476754,2.396549133230751,0.20440455837148502,0.19364803790035118,0.020000988359788387,0.7126883227155782,0.021184842329491863
843,0.21330182203939096,0.2272182514366121,-1.028424219546495,3.85809567472442,0.22769905461725884,0.20467188934272473,0.020573409027623973,0.6944815454452037,0.024000429821430556
844,0.20688190720116179,0.20303805711761044,0.18361470631864765,1.0442060062865806,0.20304263296893507,0.20020693338190507,0.01997213073974002,0.6975250371680815,0.01983715199820068
845,0.1672752501194645,0.1640887731079194,-0.1497874715698309,1.7144447705084567,0.16419878360433493,0.20503014448623463,0.018937600225319283,0.580623797795425,0.018845701331963713
846,0.181579063441539,0.17502968427839175,-0.2871615267688352,2.0520380077761224,0.17515561277081282,0.20578376462803064,0.019237008328821564,0.6576758857908183,0.019855049375861546
847,0.21556171020450982,0.23718611667484424,1.0340922233203527,-0.813248425899729,0.2369736290028125,0.19575130250378867,0.020812950009671847,0.49819350653750055,0.02362609220911317
848,0.21123273871164738,0.2125405470594458,-0.6329495126421435,2.924501963920444,0.21286707563309265,0.197194197471375,0.020211938899894612,0.7606111556313497,0.020381859129260906
849,0.18411586268156863,0.18201149370614922,0.8373646203731342,-0.49128114287051156,0.18185300599079274,0.20108651307787537,0.019424371699603635,0.5024110064998508,0.01971992422302022
850,0.15595107876683897,0.1569357923043557,0.21136991535532812,0.8761464586166123,0.15693687121962405,0.18772125426460165,0.018737884955965692,0.5574052567683371,0.01903327490517403
851,0.21226305672602566,0.20998952719065972,-0.8069695748321192,3.3148045209115162,0.21040048089342964,0.19762651571976905,0.020148016778920853,0.60285352347471,0.020522316632000607
852,0.21433003201217088,0.2148426031471215,-0.8588002035927315,3.4438259986835487,0.21526785668018328,0.20594897149549599,0.020269339346073424,0.6567440819467684,0.02240286015024049
853,0.18702234144150987,0.19683753347604596,-0.3384555560253532,2.218434992079524,0.1970366767176752,0.19472365188940224,0.01981310458315977,0.761734602781184,0.02439896227887425
854,0.18210488046777865,0.18027669164441767,-0.024555749610608347,1.4662398145211242,0.18033826778834589,0.18378724868397714,0.019378079758952876,0.7321471243802686,0.02198341530591291
855,0.1797717998636804,0.1788745811252459,-0.617898882898562,2.81361622183759,0.17916412921276095,0.19231241338997906,0.019340539004729807,0.6521843489587997,0.020820151085200567
856,0.25263161544920254,0.24139062580893358,-0.9156700723456578,3.6337030458008877,0.241763640391935,0.20408241468924018,0.020912597330661385,1.0553036770388262,0.025828020232371893
857,0.19227422560460977,0.20468470374912395,0.790409434361729,-0.33368733321055993,0.20438407964884472,0.1895233598931207,0.020014021177626542,0.6082061172124511,0.02129168831536814
858,0.19873490978299302,0.19425836282115527,0.25755593243066327,0.8557900381664595,0.19418907868990126,0.1979600931301962,0.01974634954099365,0.5821262046872118,0.020397155771117167
859,0.21737120177317729,0.20611613402024764,-0.7304279489409164,3.1317606761334456,0.20643502418518792,0.1955924770452149,0.0200503214852348,0.8797815289348915,0.021280312260776764
860,0.17504807788558205,0.18122941405320045,1.2659751586054129,-1.466398352195622,0.18093969812481597,0.19908856618338172,0.01940352382031109,0.3425402895766166,0.020058442121635826
861,0.1787853329367449,0.18311703656097988,0.40431074676848267,0.49625870670358596,0.18297683399406434,0.1998903053074203,0.019453782562225904,0.6491785184573411,0.021444276917302083
862,0.1784403669113198,0.17527374419174643,-1.5794474742292886,4.9940965736732315,0.1758432639005645,0.19975001050550603,0.0192436057649487,0.7064254504511556,0.01964578307578787
863,0.20883312505047086,0.2115239137420666,0.2937995417052528,0.8128344040893047,0.21153160525581874,0.19534260491341973,0.020186504348761385,0.6021376516058855,0.021649761815371017
864,0.19877825334461144,0.1894955757373066,0.19950778203830008,0.9771779667602901,0.18947864464232952,0.19247581282420934,0.019622124038970106,0.5805173449126585,0.02090336575352303
865,0.20895200797387756,0.21460690723714718,0.24271291755955013,0.9360278387877224,0.21459715656087833,0.20277461326703955,0.02026347468254032,0.6835233163118263,0.022093839340402724
866,0.20633612315478436,0.20992547011236212,-0.6507490026986745,2.9590709291566526,0.2102411869287784,0.19965867563183154,0.020146407396855262,0.5859236577528997,0.02360314920633743
867,0.21450926290951325,0.20787842490354302,0.2322607298883377,0.9446041658356343,0.2079113178544346,0.19835045317010672,0.020094866163334165,0.6339581502312488,0.020985219726957913
868,0.16774507166680597,0.15633789257609002,0.07517989712713108,1.1847086360756682,0.156342732088878,0.19538115584952312,0.018721045262775106,0.539326018185962,0.02044247054613602
869,0.17942911451183188,0.17387439523763187,-0.8711563942488252,3.378699237743622,0.17421651458369364,0.20305552995241236,0.01920573092512623,0.7047261791545275,0.01936750040378993
870,0.22688664813984394,0.21227918065655862,0.3972983714627567,0.5789913060601524,0.2122459228364007,0.1898439583828172,0.020205404939045137,0.6723761708910878,0.01994271514841851
871,0.22399680593822685,0.2209620750623706,0.4424953531313738,0.49585980526243445,0.22090744490619862,0.20171642908119458,0.020420635645710256,0.6242981968049829,0.022345139186658446
872,0.18763274991899753,0.19093237935971064,-1.7572073721197798,5.4343539878661575,0.19158982108804476,0.20528456161753506,0.01965973079905055,0.7274161565948016,0.02028254280707082
873,0.2211107608227215,0.20906528262716126,-1.034283247216985,3.830110881481015,0.20949446841722946,0.19520590711648877,0.020124775515813847,0.8811984282234488,0.022503493886261744
874,0.15719645049699038,0.14362621600610498,0.25116899346832305,0.7552563964156045,0.14360714025139784,0.19184915542120975,0.0183575263197247,0.6473100778986651,0.020134854344208225
875,0.14852244440196846,0.13842451293574215,-0.17470103903024456,1.7127363138979188,0.13851859877455855,0.1884586877123367,0.018205655728830827,0.5864207795382329,0.01607016838463116
876,0.17951897554012383,0.18050342081352724,0.7493842381856112,-0.29490776831540116,0.18030842548145123,0.19228314753912876,0.01938413967109535,0.57274010046162,0.019972076586635145
877,0.2158218469479048,0.21068176190923857,-0.26812805401331535,2.0898677260093934,0.21084978668050688,0.20443288851362051,0.020165395227738105,0.6167417765596983,0.021869164661022764
878,0.21743290635475862,0.23041988735551605,-0.8458436408045573,3.449790486784474,0.23087039408776794,0.20932399579860642,0.02065086128558537,0.8764591920896486,0.0235227095033567
879,0.1995763043742562,0.17944520496578653,-0.7000670868371636,3.0019434392092093,0.17975880630469632,0.20218677949387182,0.01935583083967065,0.6381976821418457,0.01912107135345043
880,0.2074457756756215,0.2204396853723416,-0.7319681530986974,3.1678699691875023,0.22080145144295205,0.20323650772150215,0.02040779265595778,0.7351210340510494,0.021026674417337028
881,0.2093799581970491,0.2132956540191915,-0.04478029167590816,1.5874326447906983,0.21338085884037164,0.20249491794251956,0.020230796555062557,0.6532844650328161,0.022355464676452816
882,0.19399858978016826,0.1883223368598401,0.007217619955652537,1.4122273716306686,0.188364342893844,0.18771787593565342,0.0195913309967623,0.6465319740309555,0.020144999963183963
883,0.20897790976240774,0.18637559671245277,-0.021324701935568117,1.4727684749750423,0.18644864737342504,0.19326989449566326,0.019540067269787777,0.6536836871128731,0.0207340130592586
884,0.18118851347854034,0.18240084703864906,0.10256869122347899,1.1817637202709488,0.18246163658145284,0.20263588949709752,0.019434737650510778,0.5740064543628639,0.019925514641985487
885,0.2460438011214457,0.23604710506382431,-0.641123808990319,2.9966157292258613,0.23641969411935362,0.2103070247697249,0.020785814513989604,0.736992630318581,0.022586356396049508
886,0.20771256449068876,0.19704666761934073,0.01636133025999723,1.4112787367023691,0.1971137346882673,0.20186262688987147,0.01981850172981585,0.5863734280612088,0.01976621678704152
887,0.2011152561022841,0.18556708339448932,0.48706903530963,0.3134107818683777,0.18540165403874243,0.187999912223634,0.01951871420145248,0.6288608205074855,0.02039887853839893
888,0.22820127770891876,0.21668600875561264,-0.2640016413067637,2.0941434163052595,0.2168678046063183,0.20149368499944273,0.02031511143989721,0.6940377319776991,0.02043677559621962
889,0.16760525544592425,0.17266434057554542,0.36509270763878154,0.5619672537186203,0.17259390582852405,0.19256148221025737,0.019172886273378965,0.5893555856091962,0.018039680838405743
890,0.15673725576166375,0.16538184773778594,-0.004382263404023705,1.3864154185879043,0.16543004228570637,0.19725725132974775,0.018973364116838348,0.6323913905246127,0.01918793001539739
891,0.22212993653210486,0.2306663335351379,0.42799184762625087,0.5504950222869016,0.2304873895384233,0.20302686713871929,0.020656802914490523,0.8364241434841625,0.025005866454110716
892,0.18155413135668944,0.1825831953803272,0.7700285388659327,-0.33677907233761173,0.1824443719731617,0.19347629598252478,0.019439589429622123,0.48676573762821534,0.022660851165619212
893,0.21469060105752305,0.20204333847174794,0.5249107592250938,0.26474873052690717,0.2018176922831276,0.21129196655890714,0.019946756281585425,0.7532352742294013,0.02008755937633218
894,0.19950539365417058,0.2023760851825226,1.8142193764476846,-1.3899992769393836,0.2018749584853368,0.20199884211923672,0.019955250176708152,0.3627472958685596,0.020235500519506917
895,0.19034098173832623,0.19389639246925,0.26158352426753934,0.8459782679297772,0.1938892556206258,0.20459157556291108,0.019736952036447052,0.5638715261457123,0.019308219443168115
896,0.18870587333653996,0.19682147767682853,0.235516134960656,0.9119795285394907,0.1968300218573584,0.20274034325611628,0.01981269013220676,0.5252675006823921,0.021861880168102022
897,0.21227531589371,0.20372673721864984,-0.8407739696900373,3.377490574193266,0.2041133642069259,0.20336650251933283,0.019989667936437656,0.5535213206977584,0.020834376979683003
898,0.17677537729870912,0.16772304166766758,0.4049664427777504,0.45998730962442763,0.1676498269609176,0.19713408762138648,0.019037856593489402,0.5275384555407804,0.020776270338577693
899,0.19486443625582958,0.18504368078467914,-0.05224244408558036,1.5401121920984548,0.18514820843925503,0.19965336993547944,0.019504871375539863,0.6030926874888648,0.018866232102140803
900,0.18521819135941817,0.18826899009562653,0.6713775178691147,-0.09949118598064033,0.18813474279843106,0.1837878438466266,0.019589929029318453,0.43735618770871,0.020058021869863985
901,0.2165706032446777,0.23173504769545422,0.17205570642123025,1.1358173545834955,0.23174529577425523,0.20704174112621165,0.020682535453798407,0.7927440686959385,0.024994060802824257
902,0.19615776748159805,0.21571960350769728,0.09006294323826852,1.286030802759864,0.2157782422720178,0.20744824112588756,0.020291136653071817,0.7368949497579208,0.022673900888920625
903,0.2089807298006282,0.20310442974889348,0.4254263374057162,0.49402132883987315,0.20304175648485517,0.20660234611802092,0.019973821998807373,0.5569158454241084,0.021490013751439267
904,0.20115490041338974,0.2064895620091174,0.5906540686045356,0.1253060211208205,0.2062986279076207,0.2158364580625411,0.020059773896208843,0.6597648205591267,0.021489849165813143
905,0.19000918411540185,0.17307549566224584,0.8735134400710587,-0.5944879982888862,0.17279544681211267,0.1858008978667619,0.01918405603457893,0.7066127932734387,0.0204720008707873
906,0.22941494142170704,0.23362271295548567,-0.2657321599676439,2.1366303388353964,0.2338227438427734,0.1961068811257813,0.020727854837040528,0.7357488787809394,0.02127739879126386
907,0.20369938831838894,0.20555285797295514,0.01866400925666802,1.4253939917171885,0.20561646156202015,0.2044847689246863,0.02003604983460174,0.7400274423382814,0.02413791386664497
908,0.17990980675125015,0.1726014738684397,0.5687705233976181,0.09786648971069951,0.17240780069172387,0.20404416545492568,0.019171177502666278,0.6865817838917423,0.018015253111734242
909,0.20814791505594255,0.20872592832062267,-1.2045478743946703,4.21689319422224,0.20923307706491537,0.20338676883454457,0.020116231032709115,0.7961662056782061,0.02154652920992198
910,0.19982907119537238,0.21152385892212974,0.08259309265670002,1.2934816961977575,0.21158289713352535,0.19840982200001075,0.02018650297583734,0.6344910042746186,0.02251619043947361
911,0.1860478255032551,0.18899509755717525,-0.24310282887409154,1.983542001087721,0.1891518909015143,0.1880354984179299,0.01960899774541345,0.5619468116104309,0.020280561292110318
912,0.1900625492458937,0.19121602787089365,-0.14253793977326637,1.7596898344101088,0.19135034120816893,0.2013226365271438,0.01966714152591538,0.5760384453764322,0.0185371464603377
913,0.18694361613649546,0.17008504881552924,-0.763720089108547,3.125526761987089,0.1704025904891001,0.18902550986606276,0.019102585456592876,0.6683066857218984,0.019634854298396245
914,0.2063077951131604,0.2046387238703754,0.972859921305995,-0.7481207101883538,0.2044279055239691,0.20140797094088472,0.02001285338210381,0.4942313288418666,0.021182556365702376
915,0.1949244551858314,0.17998100720748753,0.5403525658763845,0.17942015819801965,0.17980133868383333,0.19656542924854414,0.01937017239907544,0.5772192970091695,0.018669876240357423
916,0.17851365852437315,0.1682921166265507,0.5022286472206546,0.24017443935299568,0.1682448028772884,0.18976478788315207,0.019053482442383998,0.5246804197622268,0.018912173007153296
917,0.18580263623399637,0.18633741310317217,-0.499649896366798,2.561440360963685,0.18659144211589607,0.18900827670622503,0.019539059655815542,0.6465446247152432,0.022006252030950083
918,0.22572360202667469,0.233529260209024,-0.34725821453872563,2.3219878201984496,0.23378536288662277,0.20587378905562753,0.02072561515747245,0.7660126545095308,0.021434273530444765
919,0.19773554963925769,0.1947109049739672,0.3977949501592311,0.5374906034183823,0.1945708640632242,0.19983111365157633,0.01975808845981603,0.7375268015824735,0.022001925756972376
920,0.22837640474036336,0.2053008641713751,0.4476723366840898,0.4486103694803816,0.20529123113319003,0.20562113306932503,0.02002965975737286,0.6271741222939676,0.0206499881868083
921,0.1832848365247689,0.18967805470663382,-1.0263479912968476,3.767919959980998,0.19009120408525784,0.18591265105800267,0.01962690655302774,0.7024161379331615,0.0235699544479561
922,0.20429697861148688,0.21485793240378318,-0.8251101647802905,3.367177077238341,0.21524605942945704,0.20891719910290518,0.020269720676967744,0.7107575345919815,0.021989749689677734
923,0.22304114246234577,0.23595083725371227,-0.4186771264948259,2.4900660195751985,0.23619046316787132,0.2052993821051684,0.020783518288383415,0.8446653457597808,0.02301388762919554
924,0.20460533612656098,0.1908265933510012,0.33617844279608095,0.6692490538864722,0.19080709287909095,0.20121210824378635,0.019656965852409586,0.6096118880873564,0.021423435991679316
925,0.15890400680600836,0.15232306024528852,-0.4877692776629241,2.456979747640289,0.15252420335902606,0.19346271671602663,0.018607374740857646,0.5547183480223755,0.019100603622607557
926,0.20734232235383146,0.2309595084436623,0.7740406922999684,-0.23582234403317476,0.23081093735788172,0.2031986797604706,0.020663867381047207,0.5525306066131083,0.022487544371118596
927,0.18173598285137182,0.1808324969687554,0.4402633731182307,0.40919286187873155,0.1806752735287916,0.20573746251574931,0.01939292981105803,0.698105417336821,0.01992911087769621
928,0.2155312592752771,0.21635703073359006,0.7845311935391647,-0.29314455753530655,0.21617049825918902,0.1907635226646592,0.020306955326197723,0.5597827911904495,0.020608554430722868
929,0.18463861698919315,0.19298988898324881,1.2238401372723187,-1.3017654427585905,0.192610962753058,0.20784803474629365,0.01971338599324099,0.7349652612251246,0.02313282344223842
930,0.17772626058334828,0.1788661908929192,-0.0729696826825643,1.5732291485388001,0.17896461466416821,0.19031684740721208,0.019340314019067203,0.6405756191748029,0.02217544402711366
931,0.21562172247812622,0.23339701050688055,1.5767406669900248,-2.0247639958227004,0.23285870042737375,0.20963601613931254,0.020722444972033176,0.7678348474380161,0.022472156866226018
932,0.19845198109142334,0.186809368746036,-0.42100723942036716,2.3835104592478675,0.18701561010280265,0.19850235280260167,0.019551508189048876,0.6522076967480955,0.02215251852597336
933,0.1672722746495377,0.1639854947061114,-1.1892567048058715,4.080255025726483,0.16445379142889047,0.1939417408618958,0.01893473931223368,0.7311176284528551,0.02649192727214168
934,0.17869859415599712,0.17745910081548552,-0.7939652281835451,3.2111554039683203,0.1777958810180651,0.19720722197765578,0.019302524899136565,0.7114224980297816,0.019555515759864327
935,0.14438844543853144,0.1419464963180923,0.2333393285611459,0.7919891510713959,0.14192606352225062,0.19887078988052787,0.01830868702942701,0.632160667211245,0.02148750234727121
936,0.1784889295344536,0.16598061513744383,-0.19572773609100902,1.8233174657615436,0.16611239188503915,0.19427375674872716,0.018989890095146764,0.5417046034383832,0.019529550813313805
937,0.21578337231969025,0.19065859572559257,0.902578172465576,-0.6198946817904885,0.19049070531893514,0.20596857687550335,0.019652573602808247,0.5676317632617188,0.02022108610496157
938,0.1894126484860389,0.18524177261102456,0.23638791349500565,0.883571966750787,0.1852200180136894,0.21296640702388658,0.019510112276141866,0.6920692681919915,0.021405742603789035
939,0.20014087340037914,0.181661113433393,-0.44202534328834564,2.419636189294633,0.18190010150794628,0.19202359824772805,0.01941503594696231,0.5960198807024017,0.021617125871915565
940,0.2072641766933882,0.20796088523861184,0.17275959875291197,1.080189918953359,0.20800624495264713,0.19388263122130928,0.020096946546331335,0.6839214609859062,0.021907205611398122
941,0.20294305523695894,0.17896238196666486,-0.344119562814892,2.1906373184382244,0.17913215000337324,0.21024203357466278,0.019342893156550044,0.6976019811041584,0.020052824255276946
942,0.18540634646306198,0.1949051509015023,0.6937601963438726,-0.13513082865005488,0.19480009952480049,0.2003240523957246,0.019763123778408533,0.5309501829373129,0.021789257646476698
943,0.17056275836391874,0.17173397095077628,-1.0198765880351996,3.7123450091688865,0.1720789367678082,0.1893974190345979,0.019147574032541297,0.7427652206147254,0.02037651169809111
944,0.20230643414862995,0.18536733481385226,0.7512058043336289,-0.2877884875462647,0.18520457783425745,0.1904108811236701,0.01951343312053218,0.511164583585717,0.0217774848380339
945,0.20827929335176876,0.1958393147373074,0.4153708329838993,0.5005044114675558,0.19581489958021595,0.1987207973146884,0.019787310983968267,0.5487607244670887,0.02023219516861993
946,0.20729798398949575,0.20445163234165256,0.31248476209515164,0.7542260056101294,0.2044556146543874,0.19964371089492502,0.020008100498508184,0.5635089944532518,0.02116872100664577
947,0.2050106360656971,0.21134476434546542,-1.0686990693741347,3.913635567588869,0.21181326566485173,0.2135430969382921,0.020182016870494944,0.8726457822787125,0.021840802294202113
948,0.23031096328452344,0.22197466768064034,0.5772376183205137,0.19148802764818398,0.22187206188369382,0.20595081945286314,0.02044549213195025,0.6005634138980334,0.02385767269242368
949,0.21042065394745874,0.2179932391765217,0.04546156660973733,1.3927233819224647,0.21807006365931272,0.20381499418682164,0.020347467326720686,0.7490225372730466,0.024714621989216163
950,0.18690601947322644,0.18264911710626278,-0.14457817337186404,1.7448336724459008,0.18277126955315726,0.19847672104646158,0.019441342955929843,0.6350212014837172,0.0204910404860321
951,0.18255930710445828,0.1781603430452789,-0.04130784686870877,1.4995531981910206,0.1781188917722476,0.2069509159316463,0.019321371976407053,1.3162515981289316,0.01840612668964332
952,0.19904927442261622,0.1986979341098988,0.950127679531637,-0.7100075016147244,0.19848498238006482,0.19252458760574173,0.01986103369398838,0.5760520549751033,0.023813259696087163
953,0.2050657252324172,0.2137466650401419,-0.28206466061170804,2.1285676473808386,0.21395865923004384,0.19250919909349476,0.020242046118914038,0.6057129894163579,0.020756833188479883
954,0.17949822948950475,0.1801854643480825,-0.15567403806989044,1.7644827498109128,0.18030326365578378,0.19194502677346448,0.019375640643933115,0.634512795351648,0.023523197584676928
955,0.21318129583949041,0.17517486490550652,0.1902317873581936,0.9657453792495647,0.17517741425092076,0.19984893561864714,0.019240933278429607,0.5958572931117477,0.019852613910900943
956,0.17321620532877086,0.16699993228313004,0.7451323237405776,-0.3155327535665257,0.16687657790647006,0.2015082989192284,0.01901797286811909,0.5747000101659195,0.020849664463624094
957,0.19630591672622155,0.18726097145110604,0.037879126401255944,1.3400245987389445,0.1873147287713899,0.2000194526905856,0.019563408203152933,0.5727793037575194,0.021858358895539158
958,0.1979518846811503,0.19852312741925793,-0.7310108904935518,3.1158065859243878,0.1988637775171428,0.18691510871377204,0.01985653807826224,0.6858699870403319,0.022002659169596612
959,0.20137514197176143,0.2057850062412029,-0.324754164890493,2.207614747156379,0.2060073459353708,0.1951320286262372,0.020041933742748493,0.7085447049740222,0.020933734226310015
960,0.18616172317083873,0.18804844665091153,0.443630522778046,0.41843081147523525,0.18800598905965427,0.1985414427138144,0.019584131405739943,0.617176970658935,0.021630942348337293
961,0.1699265353232002,0.16452291871630212,-0.4874949419062694,2.4841219208555825,0.1646976789285027,0.1939850549488209,0.01894961929817652,0.8014673819064139,0.01780162752097418
962,0.16530552843502438,0.1584458649867325,0.28618594318562157,0.709239680715439,0.15840759969363474,0.1802465464595969,0.018780314641886585,0.7455008843398251,0.022344480648995427
963,0.19028343539470519,0.19782655720984962,0.6298584935136717,0.01655451382374338,0.1976699687358515,0.19584065079326102,0.019838607698575865,0.5581825856722608,0.021477946196919732
964,0.18296430817527684,0.1826940515408051,0.6525882953284122,-0.06952363089486045,0.18254391513149248,0.20545026579931452,0.019442538075731312,0.5047988579647315,0.020194179333953163
965,0.20539727597140223,0.2058528921864515,1.0922035318882235,-1.0167799338799024,0.20564179361849572,0.20945013951672,0.020043653814648482,0.5958341791411405,0.02134590341121482
966,0.17428476707162635,0.1710011101420917,-0.14770737301632442,1.7254452567419523,0.17111289032278204,0.19467531714692682,0.019127599015004732,0.6226668869495897,0.01959035532627733
967,0.20577159360141994,0.21615430295804447,-0.6027431369449597,2.863974984240383,0.21649710436177227,0.19754924096911922,0.020301926549747717,0.6950882920584693,0.023281569387709596
968,0.20342216681323227,0.2165053359904326,0.4275271013032451,0.5198636701259859,0.2164777539535693,0.19173149862224,0.020310632820249287,0.6880031817218274,0.024421341746776598
969,0.22418637268890826,0.2192009088465171,-0.12939058649096252,1.7934679993247857,0.21935181197684722,0.20595688371759893,0.02037728347275995,0.7339786780557689,0.024701665600538023
970,0.2098161598597279,0.1893318506933703,-0.23550021926396109,1.9670020226296792,0.18946900089628552,0.18732688350391974,0.01961783146841611,0.6165526111221797,0.02107948232939274
971,0.21081333976848196,0.20926066254114603,-0.061227447950579404,1.6156852033161373,0.20936790288660984,0.19387391771438273,0.02012969223494655,0.6745614667013816,0.02021562022044138
972,0.19973623953548134,0.20891084991856265,-1.1637390548804714,4.124426170215625,0.20943029048538497,0.20764195035150226,0.020120887842551324,0.655245825199672,0.02286190916756844
973,0.17843419730011642,0.1826302325870242,0.025550895163124063,1.3575346806126052,0.18266120924120646,0.1960709836359698,0.0194408406506154,0.652481812194848,0.020997720124041715
974,0.23850961753918845,0.23571068775465687,-0.27399011322395267,2.1601788430675897,0.235915154243748,0.20509487967484286,0.020777788244511017,0.7959990769454761,0.022218582281455655
975,0.18185823505253237,0.18613701019912487,0.31288499445768764,0.7114606121746724,0.18608265423123782,0.19878363070803629,0.019533769951549276,0.5578105794744578,0.019463835295158858
976,0.19705856103863306,0.18102820591185548,0.13194803633058286,1.1117557895919865,0.181066987020282,0.18807727949073233,0.019398154555940083,0.6942576162117517,0.018771441535254087
977,0.16715060180607766,0.16453100083909275,-0.2855347579312936,2.0244410118930882,0.16469813348492948,0.18490940208905937,0.01894984293712316,0.5512062237214328,0.022012599614328533
978,0.22463931452020808,0.2278789830740657,-0.07400881576584817,1.6871517379239749,0.22802203030594434,0.2115998338861694,0.020589433260392583,0.7215769498839316,0.02270019364446447
979,0.1748280568718737,0.1788855738410563,0.7114623854762909,-0.21184388477470686,0.1787776800975819,0.18828987529771904,0.019340833770313853,0.5303697501455095,0.02061687354318619
980,0.23153424553006355,0.25007494351581283,-0.48791812797679646,2.679817174902786,0.2503884811950187,0.203112306475736,0.021115867883566154,0.7878355697362199,0.023500625345973504
981,0.2215474167040068,0.23049673063386977,-0.8132871297115062,3.375857414892855,0.23086919939158557,0.2004226110939883,0.020652714227864962,0.6811134358228128,0.02041422654495203
982,0.182267080370126,0.1725405184634881,-0.14182725185109069,1.715566849003097,0.17262324695863665,0.202727693776889,0.01916952045858616,0.6242623691637549,0.020900151285228288
983,0.21655461066111517,0.19255518315156528,0.6702298644219034,-0.08708418905277776,0.19243350386410477,0.1998963012912583,0.019702069184867253,0.5419672228567662,0.0232734938359574
984,0.21548668128159604,0.20061214039952224,-1.1275706714488514,4.023211216469854,0.20104321819995494,0.21775422159997754,0.019910155977839156,0.8684707220363886,0.019186723865482612
985,0.20753308847848131,0.19946710312527244,-0.28245456350436854,2.096952329496394,0.19965756669500198,0.20638520387341386,0.019880795524738808,0.8517958505725598,0.02190313497450187
986,0.189746635255301,0.19974558361184502,-0.4296090779371944,2.4325350783588853,0.19999510456178363,0.20344559673473234,0.01988794259296642,0.6455149211995443,0.024071753637669745
987,0.2523144239332359,0.2443850729762412,-0.03893710526619067,1.644900152434986,0.24452223751071867,0.21675081016970552,0.020983072060785785,0.6433886371331283,0.02451257989934227
988,0.20018533181490275,0.21396471393746358,-0.0017398850519136893,1.4909839476734141,0.21406997336868808,0.19177396330252203,0.020247481228181614,0.6448207063497639,0.02295221196731009
989,0.16890418134812546,0.19990221358838367,0.6754357383141084,-0.0825282031249344,0.1997208703608853,0.19122334231988605,0.01989196061271315,0.6474178934588829,0.02342366004234648
990,0.2085338849520948,0.20094068908127155,-0.4300332882333064,2.4362187829541524,0.2011706266137572,0.1987965261004706,0.01991856760135029,0.7265273373419715,0.021642200557600275
991,0.19859680998941195,0.19543698674607246,0.38540757584768653,0.5674903829168153,0.19534235297750485,0.19872187634439314,0.019776899768880345,0.6213903553228027,0.02058603932023292
992,0.20602524273282033,0.19956746948210574,-0.2503544990200155,2.024112185664581,0.19974465501254593,0.20224954513659765,0.019883371855098336,0.5624749180320167,0.020898771357035304
993,0.22598595379630387,0.22115864543130043,1.4721915233886633,-1.8436313510851858,0.22081032555215263,0.18825920646687208,0.020425464868118217,0.46539701719280846,0.02214296081360983
994,0.21723025139051902,0.19949610505114643,-0.5918198178882089,2.801195302537749,0.19979445601076545,0.21207322910074694,0.01988154003790434,0.7409875455462808,0.023056338674806772
995,0.18137395560865252,0.1802857744846084,0.4204870116967684,0.4532474194926449,0.1802048172223235,0.18497800055690486,0.019378322577735415,0.6403790922566727,0.019853787817835988
996,0.1945172175954999,0.20189974145089606,0.05893321740273656,1.3254327194420517,0.20196586765892213,0.19945461786925409,0.019943088933184718,0.7980297353006456,0.02372732797678774
997,0.1988301775963233,0.20334708675891192,-0.07599658997597532,1.6358409994897338,0.20344721718158823,0.19432156390881294,0.01998000323898083,0.6228734998050935,0.02207145287076025
998,0.19188935412906893,0.17907120760974407,0.03743109705575797,1.3224159250983758,0.17914089576236894,0.20530448612966354,0.01934581041509259,0.5855202332992373,0.019882273998512865
999,0.21203465952350434,0.20261068822214248,0.20055326066090495,1.0047473794668125,0.20263991354737382,0.19478573855752804,0.019961235290656916,0.6892246200630402,0.020863821385218456
