,h2_gcta,h2_gwash,h2_ldsc_reg,icpt_ldsc_reg,h2_ldsc_fixed,h2_samp,h2_gwash_sample_theoretical_se,h2_ldsc_reg_jackknife_se,h2_ldsc_fixed_jackknife_se
0,0.19221431642383618,0.18442831931028458,0.2780155188450613,0.786735375375336,0.1844246182459181,0.19234290146355754,0.019485516971922495,0.661669996339427,0.023208089135130703
1,0.17914592334104174,0.18123515181068695,-1.9556900627596188,5.871472890877844,0.18190751785943152,0.19945225332082173,0.019400537844951087,0.83602631374611,0.02093198684938235
2,0.20164632741581737,0.18695438849242238,0.5156351073806795,0.25037163393884726,0.1867560540391691,0.2017123528090294,0.019552333310517367,0.8385561005123274,0.020642119462926583
3,0.197375753125974,0.20450902163499052,-0.26677913488809185,2.0743781116696303,0.20469172989626178,0.20531619605063609,0.020006980813999715,0.6556284595126346,0.02243427806532209
4,0.232757568965271,0.2531579888870518,0.8949471521283353,-0.46288723136671406,0.2529295688297303,0.20381323271413088,0.0211857058140143,0.6550009790471024,0.026329413144290804
5,0.21473138351897555,0.21458498159673947,-1.772173905220437,5.52914141347191,0.2152665101687976,0.20575945145050023,0.020260582717171842,0.8064228481263221,0.02247152467415938
6,0.21378866469847138,0.20697056801212982,-0.03301146598498383,1.5470809288576748,0.20706318556636147,0.19752154975090222,0.020069418090247267,0.6992703499025317,0.021515077626515475
7,0.19027851766298257,0.1854053755848115,0.16909371691162162,1.0372432170203676,0.18543804075536666,0.19494087360907245,0.019511403458823805,0.5894033759823583,0.02183784528489591
8,0.17991200273556002,0.17628345797179937,1.1870811134920796,-1.3089285339246448,0.17611025640845374,0.18434059416424067,0.019267599560861992,0.42528941977373413,0.019924916664431514
9,0.18761045687128095,0.17442713300589754,-0.14487492758036435,1.727903078319722,0.1745494255955948,0.19196542235217412,0.01921739422563081,0.7310865368643604,0.023098916393779145
10,0.2060395660393476,0.20970198800193196,0.27261368138689324,0.8566284079757915,0.20969638218516465,0.20629631672248636,0.020138333282957176,0.6531234185240774,0.022479932836521783
11,0.20726449894429902,0.21657526722938436,0.6074433272307868,0.10864519244819264,0.21637369670527773,0.2065983720197969,0.020310065229298752,0.6717049450397443,0.021974403462786504
12,0.17409921523726962,0.179820070365376,1.1905061024592067,-1.2640831405979622,0.17940517815298712,0.19289549144711715,0.019362691947818676,1.5400846291278212,0.02240205643248885
13,0.18817831526791184,0.18360274532921358,1.1207973394246153,-1.1361510322937989,0.1834012865523999,0.2025103978947701,0.019463601784344774,0.46781711154558325,0.02035039040154271
14,0.17183634198833936,0.16907595760578756,0.3447088612234746,0.5994965700564662,0.16899103650922365,0.198531792654979,0.019071524676824308,0.7245187077488683,0.01917139048814091
15,0.18074707348604147,0.18471896563344464,0.9112372830139441,-0.6556180673044577,0.18456263384769042,0.1982937111876341,0.019493223101029824,0.5493342620860586,0.02150405979362125
16,0.20163265117403778,0.20777452180533798,-0.1766674921594781,1.8763980826785762,0.2079202216161197,0.19926529953379513,0.02008974225365684,0.6352370977165162,0.019275331055492378
17,0.18561865260214755,0.19659671479762506,0.4302799361865749,0.4675829995178777,0.19657433477725572,0.1971216385036686,0.019804122544835323,0.5710035511709569,0.025747650969956612
18,0.1913852128240197,0.19932727208705026,0.10143283797856965,1.2231135925154,0.19931878192607552,0.19738636851237948,0.01987450582002228,0.8079734287103809,0.021164691712352
19,0.196382746989446,0.18032722294171002,0.4085449855416167,0.47970697923855465,0.18024734112239385,0.20459900336773074,0.019376268831761058,0.5933646298866939,0.0195352236158534
20,0.17798790318402935,0.17427233389895777,1.0854802976559212,-1.0773332223895702,0.17398757131921103,0.19063053644540356,0.019213198431386812,0.39173891223835733,0.020354340279987383
21,0.230107117076955,0.22769241555499867,-1.2587920895513915,4.388681790076671,0.2282525927482237,0.20642073861853247,0.020582856344815766,0.9295965562993779,0.02628511332304804
22,0.23008467614316916,0.23373690350482512,-0.2764950805915055,2.1631548217376846,0.23396122888743487,0.20528448109332187,0.020728667900462197,0.6401608205517164,0.02361639725712527
23,0.15470465512836426,0.1515941340867331,0.3472032149688495,0.5541364227234782,0.15155362863305727,0.19267188653310952,0.018582708856365326,0.5777540281786644,0.021006439522359435
24,0.1776914652675191,0.17005644216514598,0.23374184590495525,0.8547946640495894,0.17002864259051878,0.19278087684127768,0.019098380290652677,0.661126197773537,0.019414238109573576
25,0.17173275874366903,0.17112979798664413,0.5906329489828185,0.04381461753977707,0.17102630132581548,0.2064526547217791,0.019127713379484518,0.4760117317898164,0.019257063557993295
26,0.2061623689369254,0.2016970503204528,1.172256244953694,-1.2076483596103407,0.20134139365275502,0.19618191367185847,0.019935266926364756,0.659527938063385,0.020364661489898392
27,0.19097433009137021,0.19388616443297937,1.7558440194149834,-2.5548671008069452,0.1934092979164294,0.19896511911089412,0.01973385722374338,0.6205240169916645,0.019692338752906262
28,0.20193744327356106,0.21403949233285005,-0.12952687811335908,1.783220554254898,0.21416866895315687,0.20837918486824494,0.020246985976635948,0.6374387179230648,0.021359296630441928
29,0.18043355600162167,0.1770566168733132,1.1977157712782003,-1.4497808983496003,0.1768073836129044,0.19295147853075223,0.019288450442769053,0.14879625816600467,0.0218103461295463
30,0.19326401306794128,0.1937694397921609,-0.1437609885923096,1.769455216962589,0.19385576146987435,0.20250036217919848,0.01973082241779727,0.6903224305586391,0.019211751952350604
31,0.2105040510720644,0.20027009031666,0.11956144882403791,1.1838980686170266,0.20023675461638415,0.20540722283955584,0.019898715422491366,0.91208841825419,0.02227235053651025
32,0.204272432275107,0.21208937741780776,-0.40369024786622126,2.403768805208254,0.2123222648165826,0.1957912029801642,0.020198254819972783,0.6641198771060126,0.021705600568734492
33,0.19110950256747386,0.18320742219582717,-0.1280373034756452,1.709533381458393,0.18330743310511688,0.20367170687126798,0.019453094071767603,0.5713119348325142,0.020394313987925062
34,0.19906747836685007,0.21123081303235006,-0.46221003001803174,2.5352165055061455,0.21144368645706557,0.20605505376128316,0.02017673905288266,0.7683150203899299,0.019776334607130488
35,0.19465341584520063,0.20142416584931896,0.4708728923838006,0.3855478578655189,0.20128919547089322,0.19886008216565756,0.01992828535033582,0.6002548546304818,0.021176676394279316
36,0.17889953931395508,0.1770107136429512,-0.03968986437911946,1.4940058444789748,0.17707041400960377,0.20146105686317844,0.019287213480296432,0.6406165176538994,0.021045189886182522
37,0.19111965134423228,0.18959477334230151,0.05347819192316952,1.3103103345415414,0.1896526761721317,0.2029691569896211,0.019621791139079883,0.6808983808685393,0.02032910774548217
38,0.2097977855895576,0.23002935477914752,22.389817493744534,-49.51943587519044,0.22967298274058023,0.22319455971633076,0.020639436577503577,9.034745192669329,0.024173047272139994
39,0.19612352692438922,0.2084663289687045,0.6874158362449851,-0.09174998801406802,0.2083111878382462,0.19915679353007662,0.020107204583360516,0.6121780598623604,0.02351635866266279
40,0.1796002952956163,0.19244394101427276,-1.0117665291401179,3.745196716922355,0.19287712432218773,0.18987240971147842,0.01969630762792037,0.6313916037857867,0.021927713784885512
41,0.2043142440120433,0.21557094838823992,0.4384595362391213,0.4915951230426818,0.21541501695905313,0.18436672079918642,0.020285120688711158,0.8524204770227966,0.025061653956168575
42,0.2263234446570081,0.20650598076473314,0.18555203449132016,1.0476893606682844,0.20647614126999858,0.20685707552310154,0.020057657936751856,0.6975943209373219,0.02091054659467495
43,0.1959360152187839,0.200498647952214,-0.5784154964871824,2.7756646951876043,0.2007241601957855,0.19607794630752426,0.01990457718064956,0.8194471257742916,0.023265372698965586
44,0.1826323974468421,0.1851573531588717,0.20481389562793054,0.9552024753166195,0.18515619044989123,0.20834804612796687,0.01950483736954359,0.6467966750270151,0.020170243351389634
45,0.1608049407813564,0.16709742157520896,0.17967063792013782,0.9713754219128219,0.16710946111223873,0.19434507853512234,0.019017155239167773,0.6170111951945871,0.020119395623466072
46,0.20277070821084497,0.19156847733600346,0.6972238654417302,-0.15252725702353076,0.19132775914470057,0.20382559265461367,0.01967345855270002,0.8620862993546892,0.022603288305215324
47,0.21762946408797373,0.21147386513864727,0.11675423296138694,1.215917687060211,0.2114998877829131,0.19707875009925452,0.02018283378929125,0.658274810578126,0.021827260463600562
48,0.20071416559840244,0.20745582651727063,0.0505488813722653,1.3576267827619823,0.20740807374242415,0.2065534899446162,0.02008168955396308,1.2754072550057387,0.020638021710823323
49,0.22584777832273054,0.23074236740699058,-0.41224275357617657,2.4657918720511645,0.23101907760306306,0.21087635884122335,0.020656647597571,0.7876468455592446,0.022840976792034517
50,0.17533844548548147,0.17365005264435407,-0.8057175673942153,3.232629794319135,0.17396999311412523,0.1923599087674889,0.019196317349526246,0.6154831523854194,0.018036712785444723
51,0.20674814366773006,0.19764170217553417,0.9384225075714743,-0.6886586696306121,0.19732920035708035,0.1961693189085799,0.019831105574770067,0.6603557436566261,0.020298975702080363
52,0.22175061895617715,0.20382896817588464,-0.3529849378087151,2.2693483558065637,0.20404491391450835,0.19414697649384272,0.019989675458480172,0.6266541827303342,0.021248741931294463
53,0.20248022906718421,0.1991706929521499,-0.4064239419962867,2.3805484165416364,0.19940935257653894,0.19678235984610765,0.019870480606229986,0.7260810637827289,0.021255494596263944
54,0.21094635842969311,0.2128645972257102,0.7812609828436086,-0.2961753652120237,0.21255057246866665,0.19991124179678996,0.0202176497579477,0.8400024319057456,0.020979230708077428
55,0.18570117882652926,0.21487191428269503,0.7064885638149115,-0.12049831658007398,0.21474040382394474,0.19916533428378816,0.020267728717806324,0.48492059000697674,0.02108101674278767
56,0.20040968741340603,0.2008561865088818,-0.3045809291108999,2.15222716629635,0.201042525591958,0.1846071381036077,0.019913741313532254,0.7419873650201775,0.021800074384591674
57,0.17957936652962697,0.17565866811392455,-5.4730475362173925,13.877167480161482,0.17514909502930928,0.20291015061068654,0.019250724385909804,3.7814253592635083,0.020124104427249098
58,0.20202107739044559,0.18711898666107846,-0.1648342713511917,1.802336067003539,0.187251356861692,0.1967548414694116,0.01955667459875374,0.6155552543548192,0.020530452650690915
59,0.18518331372864313,0.19383032527762084,0.42562073421667,0.47146175418144437,0.1937177843888178,0.20293540368698557,0.019732405515004586,0.7051508368829991,0.02187272790502072
60,0.19493559624507623,0.18612608914308157,0.38084629785003815,0.556257241625489,0.18610490530699864,0.19794900393641188,0.019530463788659958,0.6507548834878901,0.020476619940822872
61,0.18795282451520873,0.18682332064805718,-0.9083259405255201,3.4965691912016985,0.1871948049000812,0.20161191002888598,0.019548875300970735,0.8565971277720882,0.022832247246638578
62,0.17502506105656174,0.167837791798855,2.1366911866113254,-3.4932271548512532,0.1675610081044069,0.19001196151314032,0.019037528149939597,0.5235950825218311,0.019885444041141176
63,0.1791575436634863,0.1763362228961577,-0.7881380490644971,3.198678583965369,0.17661636158787303,0.19606181120466828,0.019269023659939096,0.7676064860589329,0.020491561717642028
64,0.19205567253672937,0.18329573130689011,0.015015758400611487,1.3836307157331291,0.18336892251025422,0.21610940223856442,0.01945544210421341,0.5975429711205069,0.02035341023754798
65,0.17101008746161042,0.17557302076603834,2.8633619296637303,-5.130599478632239,0.17527100441930835,0.19380055033383825,0.01924840932048715,0.6911873901103212,0.018406340715692287
66,0.18910532370970348,0.18369693428226685,0.16896810962285735,1.0335080008370314,0.18366940418504568,0.18836510572796444,0.019466104021956525,0.7243734808813131,0.02125081104203589
67,0.20762971590847937,0.206285472341416,0.4390412285542832,0.4692611450099924,0.20616819131963227,0.19561316164968404,0.020052072259770737,0.6285312549809984,0.020587423057806562
68,0.1997730530944205,0.18709113796738233,0.1482065854327792,1.0886979232331842,0.18713207755991698,0.1956104418590175,0.019555940194187417,0.623598707083481,0.02123818425162912
69,0.1808271777018279,0.16676923832581517,-0.9589069971400954,3.5661666014078004,0.16712834596299367,0.19181030309464586,0.01900811388259043,0.7136975009674812,0.02140730432606461
70,0.216017953139739,0.20549391887389956,-0.7562259500274124,3.192402303540165,0.20582427495966713,0.194776177775339,0.02003200066903506,0.6697317997931772,0.020838338036574505
71,0.22193449161334136,0.2259982951707028,-0.2518096969011953,2.0892398449215435,0.22619704697649878,0.20946094720980915,0.02054167563489747,0.6651884083631718,0.02100376535102108
72,0.18156169683764592,0.17401598785818828,-0.899727027564809,3.447774599821254,0.17430834171994888,0.20388814747975703,0.019206247117540994,0.7847519233226016,0.018140037046076106
73,0.17549440558207294,0.1872559004765005,0.8911901120934956,-0.6052290545607947,0.1869617334646285,0.19421456441873844,0.01956028455407739,0.629743316575878,0.022851828132364423
74,0.17775318138078725,0.17194794856472706,-1.0044493608941707,3.68179015906739,0.17228999960544938,0.1880648560445372,0.019150025780581413,0.6663269547476418,0.020909877112581753
75,0.20000800248625958,0.19430001141627207,0.33908760648342096,0.6698641000445094,0.19423152896229978,0.18845778521464707,0.019744611139333967,0.7104275244773756,0.021456186191540504
76,0.22110359766256082,0.1987260616431221,0.5941368633573646,0.09830734181001016,0.19853716229576265,0.19929728876704603,0.019859043232727323,0.690911684855093,0.023013453820080593
77,0.19787209079490273,0.19910044688835507,0.7099665382903672,-0.16450752740489968,0.19894233766283811,0.20131151964659674,0.019868674350051522,0.5460357328407129,0.021200272985149475
78,0.16086174850860574,0.16167729668878247,0.4820546727865262,0.26975148822767214,0.16160310130904784,0.18676327210119162,0.01886698464267481,0.6116059143157035,0.01964874938993333
79,0.22171362875565095,0.2187156899763587,0.4019717434919684,0.5822189225045173,0.21864328730957805,0.2025797158417159,0.020363059424524026,0.6110712333306537,0.02145723450425036
80,0.19519709892492265,0.1980096466844255,0.683753436724247,-0.10741310823621503,0.19782413421323622,0.21304850599040326,0.019840592438717584,0.6055117690313088,0.02154160761609593
81,0.22013209147047075,0.24067008047453473,0.09201507374289573,1.3389074226414894,0.24075112334688548,0.21154759430885398,0.020893803203158794,0.7304065184706348,0.02723371729980931
82,0.18423573587780562,0.17269801190419534,-0.33204666564019036,2.1506496526599586,0.17287700327768296,0.20487644053818213,0.019170446234257562,0.7452561029863135,0.019386667373339626
83,0.21200227334862298,0.20349083060933074,1.2414237916950237,-1.3991253567474786,0.2032670727669158,0.19440940581484265,0.019981061829295006,0.5412447816180818,0.023176351819773334
84,0.18545840839739053,0.18959000215940383,0.1525916367789529,1.0843446779291712,0.18960224335552195,0.19286082531756274,0.019621665978504635,0.5958694467295533,0.020670403018534438
85,0.2018117323558222,0.18911267812750382,-0.4166981733347624,2.3810459706817624,0.1893402513342269,0.1939231888674193,0.019609138139042633,0.60855022886355,0.020071481841886007
86,0.2046859515849904,0.2010704467149852,0.264359436398789,0.8557691787000078,0.20106546135687514,0.19606760513907048,0.01991922980369107,0.6873857821768026,0.020226400106389857
87,0.19016744101268007,0.19777871308331205,-0.02583279591520322,1.509758167442187,0.19787415393459756,0.20533630424764376,0.019834639032389263,0.6912532472481681,0.023319890716922066
88,0.2098925903437769,0.23013788610961694,-0.2449286597128616,2.082994018642535,0.23034155448415927,0.20699615325613158,0.02064205791722484,0.5848050303197563,0.02254607144666684
89,0.21406622088345253,0.19547552022009373,0.20621498306762462,0.9754890473932519,0.19545976264906675,0.19170512721857852,0.019775106231985015,0.7821115182532271,0.02186389399912693
90,0.18889942885481142,0.19739420521016768,0.2668986275584539,0.8415906830017704,0.19738394648362909,0.19427831871264425,0.01982472016861641,0.6669173425994631,0.02096665837354537
91,0.18316326223128448,0.17138041167553042,0.5849434322605953,0.05743116027715251,0.1712957207464756,0.20813201866324846,0.019134552305197453,0.5174985909413025,0.018689294226296005
92,0.2136914377866062,0.2036241952122052,0.24406369452961504,0.9076928930773431,0.20356475706392857,0.21384281240074626,0.019984459841489173,0.711406181657218,0.02449821632775787
93,0.18967128992530224,0.19446467668600917,-0.05798838616057615,1.5755087920504451,0.19456927045877628,0.21029942094179274,0.019748887413594582,0.5326611110501585,0.020506697756732587
94,0.19135069597504495,0.18645640069947658,-0.005726353048348474,1.4381145400545687,0.18652013112931531,0.19283849419791688,0.019539189596459644,0.6358064450930363,0.018546606257760438
95,0.20256407154757528,0.18369724287319242,-0.2450689190568237,1.9774399424176843,0.18384760322467877,0.19498612959798034,0.019466112219200304,0.642310158123566,0.01974191269018607
96,0.20694964876555286,0.1955122003934646,0.013387481252990578,1.4151887990801342,0.19559280370917276,0.2060139319595503,0.019776056584170153,0.571305508218108,0.020472041224407028
97,0.1956387690621028,0.1960535233329137,0.49972405466763165,0.30777644424783807,0.19596225053114702,0.19330048610520847,0.01979007333381578,0.5273732143685612,0.020944237481118493
98,0.1777693781985792,0.1938952982131675,0.3738303825763835,0.5898792718514139,0.19385683169835408,0.2029744737739965,0.019734094667972314,0.6341708626613846,0.02217104375899192
99,0.18332620337548577,0.18450381905381769,12.870984746881478,-27.92347954425989,0.18415651800739263,0.20895548346037643,0.019487519214272782,4.622951827177565,0.02101574660018865
100,0.22084436782398298,0.21213516176555539,-0.28212110007706964,2.1267374619366284,0.21233536132510636,0.1983820461292337,0.020199401129767845,0.688911571476439,0.023409888246166147
101,0.18515820804056107,0.17934258199302852,-0.5329126082225776,2.62370450885668,0.17959387133434312,0.20440266220691297,0.01934989563233861,0.5633035554131424,0.020191350539921004
102,0.15588567419467558,0.1562047885438331,-0.7591058147173704,3.0866010860943796,0.15647954311539672,0.19856315900787067,0.018713503118828363,0.5493122172397892,0.017762733092184714
103,0.20383073323122883,0.2086565395335942,0.49746946121831576,0.34178410573494117,0.20859924302065141,0.18984668101139826,0.020112001479335163,0.557267461236989,0.01963399105503421
104,0.228559465851789,0.22719860115315388,0.03462450099579645,1.4389279210479062,0.22707808940198126,0.21817819236873623,0.02057086697071567,1.3944843741729323,0.02358613367550437
105,0.20591446830502594,0.2105202734911537,-1.1314230121612558,4.059180501372207,0.210955619713475,0.21268101188476027,0.02015890438549937,0.8841771324994804,0.021636657005703528
106,0.1824712740485494,0.17754536788110503,0.30653104737745535,0.7060700237185005,0.17753826217294424,0.19952943304252704,0.019301613279545594,0.6024841717743179,0.020405187883978954
107,0.19726402486783273,0.19807855045225572,-0.3391939939477949,2.2248010356114385,0.19828061198466232,0.20157572337615415,0.019842368205151326,0.6194232086451432,0.02177288021760267
108,0.20214876838706097,0.21422163592865331,-0.6600374971177635,2.993019186879835,0.2145372172839719,0.1956214390360303,0.020251527714986225,0.6169078870727145,0.021421065714771793
109,0.2071553123665149,0.2062845597064027,0.12809522863570594,1.178215997236266,0.20629178684643518,0.197532929823005,0.02005204913665512,0.7015334906392202,0.022773777824838495
110,0.17641568905024346,0.17702619101570016,1.422447060587504,-1.8439548476993872,0.17662525806921897,0.19148663659441612,0.019287630565546738,0.6673230191903596,0.024111754828223034
111,0.19238320172955153,0.19882397643979077,-0.32034764433523877,2.1835351410462924,0.19902281239355216,0.19015559774577592,0.019861562829335547,0.7217076734809573,0.022963727174299054
112,0.20058778963404594,0.1873771535160461,0.5462155743342821,0.18171283952375092,0.18720738037289317,0.19966977432737187,0.019563480711371786,0.6662657015431898,0.02048058465287155
113,0.1960161732178599,0.18690590615005448,0.2513904951376156,0.8527825213764718,0.18680961052069806,0.20460244356187038,0.01955105429587343,0.7523776600000373,0.02257685898940352
114,0.1802015857872863,0.1614281697839847,-0.0778955949078128,1.5455764431500003,0.1615027012523476,0.20622226720946424,0.01886003858452813,0.6503605365759956,0.020903097185973437
115,0.18842831054183612,0.18602408249189695,0.7459449882683402,-0.2761065074911577,0.18589436916977886,0.20036159830014855,0.01952776784938471,0.5549702886144872,0.021060679999170676
116,0.1804912250028539,0.18297387285046568,1.1979810885131805,-1.4475786891610236,0.18274623582162441,0.19413717416916793,0.01944688213774757,0.34939910094104404,0.023574895975347735
117,0.23515922008182324,0.247277472627243,0.750393210723739,-0.1472982706037358,0.2469965452340135,0.213268467659435,0.02104912329348635,0.697666312390994,0.02365806562304839
118,0.23408231669662266,0.2363033823732605,0.9132708453178536,-2.2261665745208323,0.23603539876531843,0.1969638503813171,0.02079005734267198,0.258568592558199,0.024280904591611877
119,0.21268645150119067,0.2061540455647435,0.3338810127000668,0.7087175391039188,0.20607674170079285,0.19982593576229263,0.020048741899556383,0.628008727369755,0.01999233601532774
120,0.2380483424705393,0.23141063847787782,0.346013764152814,0.7388299409238743,0.231395884465025,0.20656210828318095,0.020672756687005203,0.7250452924931019,0.022267177391053987
121,0.17592495712718773,0.1755186669679312,0.2320013415868088,0.8713104902784378,0.17552636693612844,0.1937447779987935,0.01924693990264207,0.654071386241487,0.020448407272445245
122,0.20284718183430225,0.1916195196174828,0.1796711835084357,1.0273351070825376,0.19166804756029535,0.19772798287489557,0.019674791881743342,0.5899524375589931,0.019565217180186018
123,0.20376093436993087,0.20376353311151119,0.520878044246764,0.2767991903298021,0.20355298873117014,0.20398994851268756,0.019988009050730244,1.0207758100919824,0.020180162882731337
124,0.20756124806294785,0.22195740937749725,0.6536426817751108,0.01578486631041855,0.22177020200260295,0.19526561464626288,0.02044288807384825,0.5932410014575061,0.022047661623827514
125,0.18726896979472757,0.17074404648028427,0.42088047274827844,0.4297665382565514,0.17066646636497945,0.20713581152673735,0.019117179367054468,0.5187199215112834,0.01991887265540133
126,0.24016641558958607,0.22507960872745816,0.07329713289865197,1.346031977778711,0.2251576265922355,0.20174870025889874,0.02051928623111476,0.681969076230709,0.020757702209704347
127,0.1751861877952752,0.1677864979644634,1.4440999828497372,-2.115383211887677,0.16758168893338626,0.1929433276848909,0.0190361177618823,0.19658068647510246,0.023778146440711648
128,0.19537132027805484,0.18915985119796644,0.05846373958330318,1.2979250055817346,0.18918069795582818,0.19770799676542183,0.019610376806086828,0.7713417805218429,0.020751270216288902
129,0.1820360911276314,0.1713001465758159,-0.3881412574430128,2.2753360843092225,0.17147617573411034,0.2046689711025211,0.01913236238273241,0.6026063144446923,0.019558824265717648
130,0.22282607790313685,0.2135640170985264,1.1333706545654147,-1.094713543672068,0.21320866992604123,0.20026135855893498,0.020235122139287548,0.6836703099022844,0.021693378016384914
131,0.25688725307983196,0.2660054381228559,-0.8804685687920969,3.613583758271429,0.2664802348036012,0.2053304133166119,0.02147884299001,0.6831381394248376,0.025953143074926438
132,0.21633771619663977,0.2004827977474842,-0.12437213723268042,1.7405582365010788,0.20061610640807392,0.20657208156100487,0.019904170764160182,0.5952534890623113,0.01995838326754348
133,0.19780279349772917,0.19486919896271254,0.23178857487304122,0.9156796429242725,0.1947965397585564,0.19457895083967722,0.019759386393840846,0.904992109880404,0.020340916115496144
134,0.18772075905485322,0.17919463867888719,0.4983657685428191,0.27234713312408915,0.1790823194465587,0.18685028636548273,0.019345928192977306,0.625386564100858,0.02152853339128928
135,0.192333160668983,0.1769447023888313,1.0567646911523152,-1.0052227645407157,0.17673077965432768,0.18702093610248444,0.019285434447653273,0.3703024819940287,0.01943293021775167
136,0.1911579767399982,0.19605248344383447,-0.2419016677881156,1.9983903105582919,0.19622361260402527,0.19724841833254333,0.019790046422635245,0.6919874347513956,0.021597286936849463
137,0.1953957445566986,0.20539657855402088,-0.31257431855897866,2.1807985654601767,0.20559124501455972,0.18872067219266833,0.020029530136911732,0.7286626573986316,0.021298358086203086
138,0.203305922047668,0.20668484786647612,0.24789626897344738,0.9061256224365907,0.20669832122091145,0.20087945690947812,0.0200621869470478,0.6870353440618442,0.022274940684207052
139,0.23012255679911753,0.2333440293454392,0.5485641127239416,0.28128153809208584,0.2332027345460991,0.20922866848346666,0.020719243186679403,0.6983830105634801,0.022735437141713558
140,0.19919238425416474,0.19765088988439306,0.6135320641838744,0.0519367611514344,0.19751299795790864,0.20078466995974623,0.019831342553718486,0.5776055031853148,0.021720119872351982
141,0.21879428595494754,0.21515280676076123,-0.91979955250294,3.5873101357622867,0.21559610137509455,0.1916907011270241,0.020274720275219153,0.7261496786376638,0.021644701730945903
142,0.2208708824545911,0.2250769555038745,-0.15280779509469739,1.861452480183963,0.22523168157449963,0.1992935709132377,0.02051922150991792,0.6827611860730157,0.02026958675679812
143,0.22107978170629167,0.21161323271635182,0.16711906383571215,1.101480523488539,0.21165153551876056,0.20255710855491327,0.02018632719061993,0.6401705070878037,0.02634786593386429
144,0.18898328070584647,0.1993574458744545,0.404120172886945,0.5334089837257556,0.19933994322850182,0.19465689564750588,0.019875281353733846,0.7134783298949731,0.021340384377380953
145,0.231951459589467,0.23084637669004543,-0.6689020442551805,3.0511248697225026,0.23121577119968154,0.2000279822374621,0.020659156199497354,0.7360875076595185,0.025538940377812114
146,0.21157017946715118,0.198480016603015,0.7887467775473479,-0.3455955392307887,0.19827408225975796,0.20160950217494333,0.019852709604487446,0.5596139564982677,0.020060446937339396
147,0.2118270860147255,0.21723147889793504,0.09454509009524362,1.279700553148408,0.21729034192774818,0.2101006186194581,0.02032633648039707,0.6328267174007758,0.02133419665662893
148,0.19537619670628273,0.19757374228797392,-0.2377343990957645,1.9923576335887803,0.19774071189770445,0.19382808803724572,0.019829352541793358,0.6439123547079189,0.020854895245757312
149,0.19187609639271622,0.18617863637918772,0.6726177969646839,-0.10922907172877629,0.1859665657229622,0.19649194209757528,0.01953185233401358,0.6616333510791967,0.021113152779720853
150,0.1708147030335899,0.17956017652143558,0.22373982024635794,0.8993819173329421,0.17958199942245812,0.203005472832779,0.01935572862928289,0.7096650295933566,0.02023823400001423
151,0.16182276593192016,0.1681923818188797,-0.05491982536671608,1.5086230745607723,0.1682692736310837,0.19337272703906555,0.019047273677956722,0.6794056271700908,0.020743854734119615
152,0.1708051531870105,0.17087681294012416,-0.6862216477185876,2.953901619592244,0.1711365925111312,0.1921722468640127,0.019120805928955643,0.5180170650166999,0.018812032209477213
153,0.22037256665072316,0.2211615389385904,0.026883880358244714,1.442889404047657,0.22123295571496265,0.2035917386604067,0.020423337404205003,0.7216670033916238,0.022713851923612305
154,0.24151537880690546,0.24855599767203893,0.5994017379520302,0.20005397416633283,0.2483830710895709,0.20601053029243582,0.021078949790907506,0.5631289308293514,0.0228389625210743
155,0.1976899571964209,0.1945933456109963,0.36248449319005005,0.6170767257816476,0.19448510819689097,0.20758204536545202,0.019752227854373385,0.7856173652049698,0.021467873968997648
156,0.19081143585348936,0.18884724451816978,-0.34670884770252464,2.2208874580134714,0.1890299516535636,0.19742638274753904,0.019602166096793664,0.7169841566803686,0.022902473545567247
157,0.22397745071517275,0.20752444401860723,1.2099910206441664,-1.2859349946033143,0.20729259471159037,0.195341257347323,0.020083423804636735,0.3841347352699907,0.020811404413506502
158,0.16471424283145208,0.15451249302551828,0.2896794333142351,0.691996803526709,0.1545067157865616,0.19576017247897243,0.01866565574730994,0.6406833975927712,0.019629100825974966
159,0.21299324082609586,0.19818574070300438,-0.22611105612171203,1.9672532439815387,0.19829760508783761,0.2010519559017561,0.019845130172798788,0.7975425847441885,0.020508930884981152
160,0.20591205440982271,0.2001480301592049,1.8274332226008514,-2.7095056248477136,0.19958216963847517,0.19374978558652825,0.019895583839775983,0.9335331556116483,0.020579766666798352
161,0.22314402816896656,0.2194653682512431,-0.3533258407814649,2.3057728335526826,0.21965900706767305,0.2034786198790612,0.020381566679974435,0.7389765458089737,0.02238174121675295
162,0.16177599075910534,0.15202488221121424,0.9546879972264557,-2.1040357804332204,0.15179235783189168,0.19675942998141702,0.018594986571141062,0.28719253378130877,0.02064304696736849
163,0.2131479534051244,0.2100449450930615,-0.5845412452015296,2.8113899249497623,0.21034406386057486,0.1961340692981404,0.020146959150095456,0.7136921445165404,0.022391406309947418
164,0.21149238692637146,0.21199444497159192,-0.1963702359003931,1.9309298259792416,0.21215292567834068,0.19706684120791723,0.020195877642027016,0.6734356433849629,0.02236685686117089
165,0.19445613513151835,0.18705968068682652,0.15333842236553244,1.0768513612615607,0.18705933930626023,0.20284627135649103,0.019555110574459477,0.6575803499734433,0.022070083170415374
166,0.19739604216403148,0.1788854453323456,-0.5861349502674442,2.743991884240884,0.17915104170190002,0.18716810092794114,0.019337632373941094,0.6175853486371103,0.02053004653926817
167,0.2031047207143558,0.19381519975809888,-0.4382099578284114,2.4408073375718673,0.19403051694437246,0.19544382648916475,0.019732012251840732,0.6846226597164685,0.020825808044724434
168,0.1985344719595577,0.18236073082472173,-0.15798706866718934,1.7758768361136155,0.18246340411560927,0.18354174191552747,0.019430559021924535,0.6811528245951725,0.02092691132316355
169,0.19813128583015496,0.20889365516908645,-0.5662505779925471,2.7670680987295757,0.20918334752503656,0.18392553306655154,0.02011797865937787,0.7510264304077082,0.02205552794041961
170,0.2200994251818218,0.21451405848141883,-0.13416406417855423,1.7948720962320548,0.2146228544657254,0.18969600212714352,0.02025881575221456,0.6748346080127752,0.021773315927030835
171,0.19808272275262295,0.19777954869916042,0.23449953813472302,0.9163532569979211,0.19779138154198012,0.19431863805193358,0.019834660579501815,0.6515737998409091,0.023081742340250712
172,0.22721340749912722,0.21569108771747703,0.6240496088713994,0.06917778530700885,0.2155674185135368,0.20336296507465726,0.02028810728407514,0.6879326936434424,0.023010665471563035
173,0.17734474728694416,0.18687468465173618,-0.29738229818123263,2.1039435779702917,0.1870105840504675,0.19734425875968795,0.01955023057050749,0.7072206661674828,0.021154010339956356
174,0.14716829249339453,0.14806245521221442,-0.3871156047659843,2.220027715364038,0.14822963378380236,0.19617442249443617,0.018481585571261762,0.6078265825698299,0.01883546782360887
175,0.21685111358332346,0.21581660182614318,-0.5627540111892302,2.7748780406713633,0.21611473752161195,0.1909082143080184,0.020291226719967154,0.5852253831863343,0.020440728058978678
176,0.17078645600692455,0.17197454873141838,0.37642327896769073,0.5340830739489248,0.17194997152572966,0.19843558657331936,0.019150750542769164,0.6911321609024843,0.021680264809710813
177,0.20891649866875883,0.2249285588811253,0.7443407770024097,-0.18445343139473747,0.2246655239671194,0.19299734106529018,0.020515601065206137,0.5422964636324574,0.02183865160872569
178,0.23113230660709033,0.23003603141076828,-0.0005330024016640311,1.5256170360064343,0.23013195122656305,0.2027880300291962,0.020639597853310505,0.6750849861338617,0.023143648566309887
179,0.22805212281514728,0.20686123311406154,-0.24032438100017142,2.0194307349253133,0.20703165876628485,0.20570511491214474,0.020066651489929425,0.6608539064628389,0.022294916804356895
180,0.21072567183899815,0.2060306898034543,0.654743323686083,-0.023158384180840555,0.20582863053778358,0.20475214075822404,0.020045615242269527,0.6673400692669411,0.019780688059844852
181,0.18428021531715402,0.17363745747014753,0.30281187042359137,0.7056828049255186,0.17364390687038264,0.1869532975203381,0.019195975434368823,0.6034301844569008,0.018591980394026725
182,0.19121072293097383,0.17661599923532587,-0.7688818609084953,3.1554186685769383,0.17692620750755175,0.2090313505560382,0.019276571961090113,0.5736493526298021,0.019639580526290924
183,0.19286729173741166,0.19820446750062917,-0.04933874934518768,1.5643136344930406,0.19829568956344457,0.19668636510064466,0.019845612642366506,0.657720816301021,0.021903392858652858
184,0.19380134798428392,0.19215220756461424,0.5993842372350362,0.0713179180205215,0.19195226977011362,0.1881312392546054,0.019688698236149996,0.6589705115862707,0.02064125351957427
185,0.17963200559639436,0.18077263879439354,0.9895237050332597,-0.8429044284334324,0.1806199378169869,0.19347143242062673,0.019388180755152674,0.5310838786256917,0.02171769986904383
186,0.21732298953769139,0.2177284491656885,0.75857280761193,-0.23269510897030357,0.2174427415824795,0.20000510755005688,0.020338644926024232,1.0002214840426964,0.021311647300244364
187,0.2039830632361568,0.2162178841417121,0.3072157239821572,0.7924576299761155,0.21615226610488147,0.19907329271757918,0.02030119459873658,0.7074053586886434,0.02138934705141789
188,0.2211190444553063,0.22159216175245172,2.3116471943994013,-3.7640149995115855,0.2208754345209777,0.19412074467634916,0.020433919576259167,0.8707529203119985,0.022225812073827726
189,0.25319743974344666,0.24064515286447014,1.376278030129946,-1.7171737467549508,0.2402765019287486,0.20782384663026687,0.020893213460485532,0.5098741850937395,0.023624949639537672
190,0.19793070882785152,0.18651819937619296,0.03679636378667759,1.3413209061124638,0.18657886934209594,0.2003911882336915,0.019540821445301493,0.6827119663586945,0.02083803181793763
191,0.232225780489548,0.2355473501495485,0.32467814032983144,0.7967747242915152,0.2355002935761835,0.19896843247085494,0.020772005297277928,0.6421513808057121,0.022295440282839803
192,0.17878417015941045,0.1687663618041674,-0.7449376209288542,3.082938206386733,0.16903819433071565,0.18917616329634188,0.019063032753515743,0.6578150063036602,0.01969666995601212
193,0.182334342663644,0.18991715392089412,0.48307873156326275,0.3313899313143757,0.18974468139507372,0.19356229882224002,0.019630245099585858,0.7076583627073018,0.02182378608319697
194,0.1954047492878614,0.18949932480984702,-0.2426887339324759,1.9852449163307266,0.18960188375655293,0.20489317788324493,0.019619287035034006,0.8263348057605864,0.020379698339371543
195,0.20309045299356773,0.216480864297339,-0.12261130325516839,1.7730183988284152,0.21662463967331658,0.19398017513768578,0.020307722668613675,0.6742819545321178,0.020582324306024434
196,0.1837118907268778,0.19938309670899876,0.1290870292958915,1.1602542984768562,0.19940858596429512,0.20678324853176686,0.01987594059925231,0.6577059481762578,0.020281637557587887
197,0.18340897541812418,0.18267073794326943,0.566278515965078,0.12577287528143744,0.1825963387268014,0.19391612982596781,0.019438814736120347,0.6477440472526189,0.021344115351794934
198,0.1768527715373149,0.18706717973134027,-0.16672662606672248,1.8065336450769809,0.18720245092715473,0.19609895020715684,0.019555308351046345,0.6586664717324012,0.02031499609702029
199,0.19796603693157552,0.18546228488911426,-0.0747263614123104,1.5931438808901448,0.18554926551811377,0.21818179266324916,0.01951290957328405,0.6975241474314741,0.021088451921448127
200,0.19317835709861064,0.1944388676692384,-0.5258879577866238,2.642104004804244,0.19467568128170287,0.20570504344159904,0.019748217263893898,0.710159271311875,0.02349579456061234
201,0.2052985309572927,0.19507504559174027,0.3692423578267957,0.602703231314938,0.19494418031664915,0.18508369461332216,0.01976472552945001,0.7536356442095962,0.02325312486188354
202,0.18386761237704663,0.18854778053435545,-0.09114245180533966,1.637599866514371,0.1886524117046115,0.21555524339129128,0.01959429548687004,0.6100695281432699,0.01993945607735881
203,0.21049774376037644,0.20795280374975272,1.1186266835216758,-1.0753819477919837,0.20778578542626833,0.19841422233701575,0.020094244740442038,0.49603817904233233,0.02005633054411253
204,0.223159014730545,0.212879458617187,-0.1373724333884529,1.798456902223115,0.2130209579761438,0.19717978860256608,0.020218021271703378,0.7155107229653265,0.022446313160536323
205,0.21216933461783685,0.23207834097607016,0.26429506967751837,0.9265346516081102,0.23205716275703064,0.2069984304027854,0.020688830920193947,0.7395405738922256,0.02260469512010913
206,0.2097519113684061,0.22820256684110515,-1.149719675028283,4.141200924953662,0.2286789039770939,0.1967469827786843,0.020595230060499358,0.96339254977475,0.023209587788458302
207,0.2003014686161167,0.19617511301984086,-0.3564538095528343,2.2598103141744534,0.19641198498918416,0.1975098077823901,0.019793219537669028,0.6400701302045874,0.023018036989058095
208,0.18816492568004392,0.2169560380592614,-0.03881848028363278,1.5830816249218573,0.2170614875017338,0.20094677887562862,0.020319509341195682,0.7370230778056346,0.021391132078772464
209,0.20218412431686236,0.21724775108377284,-0.47158710403310233,2.5703148764091397,0.2175128854150584,0.19199653287840523,0.020326739688052892,0.657433852027293,0.021249894000206628
210,0.18023726202082205,0.1725387424268246,-0.2918823735694985,2.058726133139111,0.17267353543687267,0.20997056506546705,0.019166112928481117,0.6740809817256459,0.020541810603131334
211,0.1836859336463168,0.1851395856377023,-0.5895157669906687,2.765956205054871,0.18539936334197482,0.19527158179500773,0.01950436686295913,0.5898217888979109,0.018963951761875465
212,0.2226743339516794,0.2315816903849042,-0.17070630689533067,1.9170762616306325,0.23172896964344353,0.19211414029916735,0.02067687659349959,0.6755436261030233,0.022041452488571502
213,0.1891789354647655,0.1886233691882393,2.3206726161659477,-2.1258708574057206,0.188384871539795,0.19813409825852069,0.019596282603446948,0.5668177418831637,0.021443614743445142
214,0.19408484126397246,0.20724808462632047,0.6569700178477272,-0.025044085399278018,0.20712177260139547,0.19728660015986432,0.020076437563972767,0.6686926338293883,0.02169783786789189
215,0.20386887905793008,0.19935179197728076,-0.6436706912215868,2.921809741351932,0.19964306307819205,0.19592158924987016,0.019875136039650812,0.7283029438535579,0.01965629385963551
216,0.21476465595957764,0.21308274903281052,-1.2243643235893444,4.276898397237199,0.21363009758347792,0.2102568778099058,0.020223102120598337,0.7047368806715482,0.020293815592200438
217,0.19113952587362787,0.20325643757285797,0.7501595415499632,-0.24645963311836702,0.20310980962995231,0.20027496696792804,0.019975087438106692,0.4883642289040684,0.02105372758463275
218,0.20330407874230882,0.20428010448132383,0.6470014539066479,-0.009667248866477749,0.20403363348324183,0.188993757403474,0.02000115825179617,0.8140612377064035,0.0219788260526653
219,0.20359010227640245,0.2186937855831068,-1.2941191716920895,4.448702778529759,0.21923943444342908,0.21112434236629748,0.020362518253367285,0.7286135405124159,0.022017594898239203
220,0.2127382743544814,0.20452677702019856,-1.1558436289887564,4.101190257991591,0.20498303703754,0.20378504210164858,0.020007432311849423,0.7554306664276567,0.023026978650433953
221,0.1786781643363267,0.16240523323294548,-0.340671130109574,2.146848986432481,0.16257892986657313,0.19498281875279302,0.01888725851398137,0.735303963047829,0.020832166347496548
222,0.18289386708627559,0.19250635537406835,-0.7694013940260679,3.1928295067528025,0.19275829313175297,0.1973052375155969,0.019697934998666716,1.0287124722347536,0.020770836483287522
223,0.19423148185961792,0.19593601389296356,0.020114089393873824,1.4008222586481582,0.19600724470771638,0.2020995672261578,0.01978703194938018,0.6432216430588318,0.020639542652942745
224,0.171263326332257,0.1772894000793453,-0.04723189034217144,1.5118309619761414,0.17737123837952368,0.20048717941408495,0.019294721399825594,0.654480423999984,0.019639095151679085
225,0.17522491252601324,0.16063702613579464,-2.161727066453338,6.294213195752638,0.16125203063562343,0.2060333086723325,0.0188379545101232,1.2805899589076595,0.021800335818598356
226,0.20838494673134617,0.19316060597478116,0.7571194035955175,-0.2852021759505831,0.19304732689030463,0.19525907892295202,0.019714980865077083,0.5386892453629446,0.02065563012370027
227,0.20753031164169525,0.19780309651949152,-1.152642264483556,4.0785639821652095,0.19825323632948333,0.19114118432484223,0.019835267765993696,0.6987584063616232,0.021695716008945952
228,0.1831685962458611,0.16821537235372377,-0.9725004739829259,3.600448166121642,0.1685816278110451,0.19657948757487947,0.019047905284984318,0.7702327544874519,0.020707877071268133
229,0.18657338093202966,0.18427673105842549,0.4438974017016168,0.4078341371411257,0.18411108862081943,0.19974658780758323,0.019481495898494277,0.7611849176171317,0.020838719618644225
230,0.19330062102783496,0.1984751254152959,0.031106595957913475,1.3815400780505394,0.19852288132323592,0.21091714066661804,0.019852583663940687,0.5866985510902357,0.019711451058146732
231,0.18974082874889253,0.18956572747329603,-0.01079991623661178,1.4567662107001214,0.18959047223025383,0.19237847806481434,0.019621029170604983,0.8481646406275201,0.02004151717515589
232,0.17797959184135706,0.1746653902146184,0.20629979461254433,0.9279236284788808,0.1746705279214688,0.1901912697349007,0.019223849368802868,0.7067593059529159,0.02045155792175541
233,0.2082466223142247,0.20957917204330828,-0.5880125995020995,2.818243041079695,0.20981350180121414,0.2050977891489123,0.02013524281706457,1.0437378965324093,0.022406993726890496
234,0.21396877693577898,0.2280291212872826,0.7806013384290982,-0.2600166462438754,0.2277169843509877,0.20435293451522055,0.02059102454138132,0.7699328501627898,0.02223758158874858
235,0.18659246703303708,0.20552181285315663,0.3355139323345883,0.7036565849921863,0.20547513690194483,0.1988860153441144,0.020032708537162335,0.664159938893099,0.024493532162095065
236,0.18843189489489987,0.20215871618319323,-0.4141307706038986,2.40493225683155,0.2023460741824017,0.19618033184445624,0.019947069390306844,0.6981985686062395,0.021268796530506368
237,0.21469201782233566,0.21273660263606867,1.065042207789588,-0.9422685341994825,0.21251958664159115,0.21023963799000134,0.02021444961079433,0.6856253506333051,0.021147242196674312
238,0.1447408637055903,0.1357256154683479,0.4203481632609474,0.35137552704412506,0.1356933748730137,0.19263267337379167,0.018121754496914368,0.49034911789909297,0.017899296432338285
239,0.17121526934022868,0.16530403099337,-1.4664781631199204,4.719915062479576,0.16578392221697086,0.19316582782668804,0.018967667551007962,0.6174817165086709,0.02132427776550932
240,0.22004687931585556,0.210310984337187,0.08757755937061067,1.2798084081700865,0.21036980549954237,0.19955314223172796,0.02015364627151156,0.6587074450383238,0.023678335752103596
241,0.19690874498958033,0.20229765928575105,0.33994049780089003,0.686041228096406,0.2021976171707735,0.1987386240074158,0.01995061926009314,0.7155027757777573,0.022181493820090336
242,0.2277178984435322,0.23504260005735575,-0.9478754017614952,3.6966572745480897,0.23546125242497748,0.2023903724992314,0.020759938333823284,0.9299045017853784,0.023371665233670753
243,0.20907815121874807,0.19366718142535402,0.0876206805807894,1.2417803722810299,0.19372711365275794,0.1967181662053746,0.0197281631200142,0.7552921782835892,0.02303075388662938
244,0.219513606901908,0.20044490792318534,0.27813669115705664,0.822990412447753,0.20045361948823875,0.19957779826497535,0.0199031991737607,0.6223297932763595,0.021411014674492305
245,0.17963653741321145,0.17874347549161282,-0.24140952650901112,1.9578084926738575,0.17889979693729496,0.18909544867451192,0.019333821393901333,0.642877817517387,0.022673298601744597
246,0.18941884231606274,0.18251704525915632,-0.6469014163653202,2.890798779197779,0.18275947970167117,0.20586586786697322,0.019434722474148198,0.6403088259659484,0.020780981757949915
247,0.20720611673621306,0.20846092274016942,-0.08604045193989389,1.6713650077897546,0.20857321164310855,0.2014361608020904,0.020107068217128207,0.7922177933622123,0.022807152675152795
248,0.20350377938425002,0.21334634847095077,1.1052824741422431,-1.0327810575133674,0.2130890333223424,0.19499136401592077,0.020229687159461558,0.46743555893955707,0.022569258413075586
249,0.19015904980887618,0.1806367466685816,0.08716471983931222,1.2131067592554003,0.18068291100370426,0.18765524434007402,0.01938454775093292,0.6289335973201088,0.018833400015986983
250,0.20981079178940765,0.21153387819084082,0.5517675780913881,0.2241950928980463,0.2113705304774622,0.21178141353076793,0.02018433820363501,0.696270280525055,0.023217966071803525
251,0.19572394107146024,0.1925295506223263,1.4810156039877598,-1.956339849145173,0.1920910611094902,0.20257624612189812,0.0196985397292377,0.8795898797396847,0.022788889046524048
252,0.1640538057125389,0.17117004184119322,-0.4497231144652768,2.4154268722273233,0.17136987339636883,0.19951514569566609,0.019128811835897815,0.6086991282328951,0.022747029744572624
253,0.18746183043680717,0.18113028014450136,-0.635114728198794,2.860764503154566,0.18142055748921154,0.20235081069545827,0.019397737036078024,0.724235680485871,0.02042485036520727
254,0.22664531604405222,0.2199232615422168,-0.01079204587004969,1.5259536577463984,0.2199354339408712,0.19396087094987946,0.020392856974605404,1.1699826219413167,0.02288202502972874
255,0.2079658474830851,0.20256331098357197,-2.2841297108583745,6.668822474192292,0.20340860578060013,0.19553907452963784,0.019957403584314887,0.8425177044939859,0.020516372428187615
256,0.19388374945009318,0.18798175088474758,-0.042790765221995306,1.5260856548497004,0.1880479227068107,0.21271055911001183,0.01957940526540658,0.6964873188096811,0.020665783527816377
257,0.2087676863493506,0.21563472544255902,-0.5027430738139356,2.637662097609291,0.21592996779129536,0.20758162435355249,0.020286706240180953,0.7003819084410272,0.019874292289136994
258,0.1966425347749808,0.19894699533686427,-0.2149529431366303,1.9435561816018885,0.19902937780125415,0.19803603537841305,0.019864727691630557,1.110906641908954,0.02303598202876507
259,0.19324491262571308,0.1777279458716834,0.24801124850877757,0.8398026326994784,0.17771387800177085,0.20187174812429454,0.019306526821186252,0.5918077674843275,0.018253356530885487
260,0.19294393271629715,0.20152012751540951,0.14611055809709192,1.1262452995702712,0.20149991636068276,0.2012376918731014,0.01993074091782632,0.665903855646645,0.019599849082314467
261,0.17552481527862154,0.17488115043001273,-0.18222223695601306,1.8140755366822932,0.17500963889751822,0.19860180184691392,0.019229692108616334,0.5956753924820739,0.021410760656072364
262,0.16853305973365054,0.16608646013119993,0.2269442942236703,0.8613025888829406,0.16608152398536455,0.19086373131661644,0.01898928246997558,0.6552622958377824,0.021074621718776623
263,0.21465387825549515,0.2184677890633472,0.3459267263433613,0.7093840753580294,0.21840155279871717,0.20823916385247113,0.02035693338043659,0.7042376401544203,0.024964002251590744
264,0.16631060285521443,0.1608951284516302,-1.001844240547507,3.6506563314617857,0.16124346493161695,0.20251570214058534,0.018845163512097703,0.8238875580972025,0.02127463907938505
265,0.21122002147948146,0.21882562725436147,-0.11793197325186848,1.7676965400033056,0.21894351829054962,0.20512611133752315,0.020365775181475955,0.661898021570443,0.02248129923470881
266,0.1837192068569763,0.16803362519506188,-0.21253624374876828,1.8675726093011615,0.16813496563679695,0.19649624351506098,0.019042911364832306,0.716059890338256,0.02069034964364441
267,0.1790082340130029,0.1670734843774279,-0.14114993059940806,1.7026498121304183,0.1671658029307418,0.18985645202589496,0.019016495998005298,0.6739106465818469,0.019784678618654062
268,0.19911150708775424,0.2035357856419266,0.11589700281553082,1.1998022173730802,0.20357578612670435,0.20267368321808543,0.019982207348129066,0.7014022497211666,0.020239244221451576
269,0.19526974970685182,0.18470843936884787,0.6469340023696063,-0.05420294152200114,0.18447187804250817,0.19666766986181627,0.019492944093516745,0.821175533215569,0.022439434720480655
270,0.23289702276778315,0.23438683189822598,-0.22263096947545702,2.0418470585872415,0.2345227016662908,0.19881680441290225,0.02074424318941846,1.0871457283070194,0.024355010509819187
271,0.21369899387068217,0.2258323154790154,-1.2164586918735256,4.287938947088346,0.2264049738553026,0.21525376963238846,0.020537633549590067,0.7941157136518946,0.02214602578064922
272,0.21081515325352304,0.20854080056837557,0.3288149760125252,0.7259379706254255,0.20853794337050527,0.2059307409366929,0.020109082895159988,0.6792480861159458,0.02081430560482325
273,0.21797737479306248,0.22570124502109984,-0.12635028840143891,1.8025575511903906,0.22585659503774008,0.20625925880087242,0.02053444066358779,0.6577771387675795,0.02288971832064848
274,0.24047640989873192,0.23702425956368264,-0.6948107256729398,3.1242734855555723,0.2374079241503745,0.2000167819137623,0.020807245159204978,0.6366609764922854,0.022332199989926752
275,0.18848559245879173,0.1924293995892561,0.5877314439873647,0.09888275280011616,0.19230101830177943,0.18892354116948487,0.019695928449084188,0.5937104082133089,0.01971941490659943
276,0.20521300769037856,0.2052989087977092,-0.20005971637249217,1.9240812611875344,0.20545503213126373,0.19594013421252607,0.020027050747052196,0.7476245980785371,0.022008876746626126
277,0.21676067535063887,0.22010558627184892,0.07199041429323666,1.3376550868901342,0.2201629974186244,0.21568919777405895,0.020397349679184367,0.668362946617223,0.02066509299338487
278,0.19636101515783919,0.17344751058518953,0.32112943764968727,0.6632185494136914,0.1733714299812644,0.1897330058182905,0.0191908178977056,0.682876325458283,0.019518077759787044
279,0.18823983802124436,0.19241721034985532,-0.32271933602841374,2.174339466559562,0.1926048046226585,0.2142995571162614,0.01969561059636338,0.8453871918408954,0.020461933239016957
280,0.18902292268552853,0.1943486013796198,0.4582315141613739,0.3985873769751654,0.1942947156018182,0.20150178667851246,0.019745873149695604,0.5895226823641402,0.02053969528536856
281,0.18563427943081218,0.20087285624497697,-0.19238883891663178,1.8965049493974928,0.20099239046344639,0.21122425934912878,0.01991416841289349,0.7322218416326299,0.02275185432378785
282,0.1961422798647339,0.18198686257799257,0.2795218754957389,0.7777665445863465,0.1819912184815201,0.1833841773692541,0.019420595338129915,0.767140512775896,0.02158202881674086
283,0.18538117396320555,0.2150197582465937,-0.5616259241575592,2.770490859709294,0.21532875414889685,0.20164043962013273,0.02027140912432305,0.6098566510866992,0.02121431754779134
284,0.21694855174882716,0.22073502791829164,0.4647770187787835,0.4437325450467726,0.2206640262153279,0.20267608875661788,0.020412847286429885,0.6201698492718729,0.021881421581358435
285,0.20291105245315133,0.19723171689782665,0.7844430753702124,-0.33896557528826526,0.1969824947706773,0.19550059792847252,0.019820526189538726,0.6747162824849187,0.02332011332612265
286,0.20193226344034965,0.1982280662377237,0.39101347663739894,0.5605494393557993,0.19817194657130632,0.19968571246695738,0.019846220603824717,0.5848915618984291,0.019869943288465135
287,0.14873715365011134,0.133054551654835,-0.9544014231056502,3.4790374064099603,0.13333267633807747,0.1788205108796117,0.018042457654812473,0.6198110327448572,0.020740412433612628
288,0.17878313887354477,0.18113200249017342,0.17844048326821635,1.00618105116479,0.1811529656886965,0.204772224973952,0.01939778303988302,0.57575739783862,0.02120863912747127
289,0.20294526237356258,0.1889122818756648,0.3631052754337091,0.6030517492236175,0.18889654060556554,0.20463836907778107,0.019603874770291328,0.6939220651033032,0.020358313124693318
290,0.22088085705368996,0.2374933014352504,0.9654014830436961,-0.6597943293022732,0.23715486790055373,0.19586099458111675,0.020818415504531028,0.683698980481153,0.021431577877032187
291,0.21798339569456526,0.22262499256352675,0.26654443818173634,0.8999539363939717,0.2226383486623446,0.1869163549343381,0.0204592633906003,0.5890772064098789,0.019893752954300754
292,0.1766137395934558,0.17490125812105523,-0.10231003821879547,1.6319482962441654,0.17499337581722016,0.1864809010455228,0.019230236480771584,0.6491763063686709,0.020297343627258674
293,0.183912591126034,0.17036819680514065,0.6455339604029419,-0.08306193931965249,0.17025052868668447,0.1974913803881104,0.01910690716934933,0.5289240844081136,0.022132994161828637
294,0.18298193059462048,0.1783599898095935,-0.7237878989914399,3.0565942189258535,0.17865447846429097,0.192527684704373,0.019323521419242214,0.6998477692902344,0.02037711032710767
295,0.19608663562904316,0.19163675153575552,1.3234990980064896,-1.5800034757947239,0.19123884817868145,0.1967593129864318,0.01967524198241862,0.5887792839555381,0.02250214610906511
296,0.17980213063391526,0.18500989020381942,0.6695390734607501,-0.10432172049055279,0.18489433895908317,0.20230715063317692,0.01950093182270318,0.4794044595327143,0.018278679170479328
297,0.2078728987240823,0.19689956586950277,0.2579916350812869,0.8608345727826477,0.19691606055486005,0.19993192453678724,0.01981194863227682,0.7174218281867373,0.02066631629538197
298,0.18936633881562384,0.19333237651034013,-1.7421405684527604,5.412228807929287,0.19396424102934848,0.18831198107475483,0.019719452299037366,0.7289857733260946,0.022143939391450172
299,0.21488865147031816,0.24035807916369314,0.433061687829422,0.560609332068753,0.24025689016317123,0.1908345437798434,0.02088641975236419,0.7072068850759647,0.02539404459251842
300,0.21933371151384737,0.2245777117660532,-1.2052448537936287,4.259517319551627,0.22515334711400692,0.2046496551639866,0.02050703716878241,0.7853522540998179,0.024362703579855836
301,0.20884627464294503,0.21492851590562606,1.3716916553860294,-1.6315655763146473,0.21452054191072328,0.1998509193413779,0.020269137880429118,0.5524880057254242,0.022964351733971575
302,0.18688169645664604,0.20217904743538842,0.8021754961351459,-0.36735533959469135,0.20204391025011045,0.18973576143366352,0.019947588898927796,0.5364595060351656,0.02175675697783506
303,0.2107127128688862,0.2076848875057024,-0.45288170471274913,2.5058721124088796,0.2079346683534656,0.19639507354922964,0.020087477930998226,0.6586084812060005,0.021944080995334174
304,0.21164135289274524,0.20866879632230242,0.8943757163647228,-0.5624506752045803,0.2085516482908939,0.20074844479007287,0.020112310517812253,0.6018574274525587,0.022570156315277066
305,0.18334802636920697,0.18203693834613055,-1.356979848115857,4.508442019113675,0.18253481074309333,0.1929042252480794,0.019421930333511025,0.5504860463857183,0.019072684445299592
306,0.20330286604988518,0.20716327972819792,-0.4819585385472563,2.5709669301579505,0.2073959220415571,0.21024295150917055,0.02007429294176331,0.7216296480252146,0.0209750364851303
307,0.16835962009401742,0.17775850988407618,-1.5362845741965987,4.907440809457745,0.17830151481987946,0.20109994789022184,0.01930734917068232,0.5845147255667473,0.020371218465361805
308,0.17899204036528144,0.17525581601702092,-0.417771265329288,2.3519060120611845,0.1754214862203459,0.20697967027288594,0.01923983145620279,0.7076089642831143,0.02010111893931546
309,0.17920560899399715,0.20947390676439526,0.25068918931530215,0.9061500526430063,0.20950055940598564,0.20013839624427984,0.02013259336970745,0.7382735852773127,0.020301760270263213
310,0.22019966049635453,0.20933041545853665,-0.26348926053205995,2.077871043069168,0.20948239837108087,0.19142644445604218,0.020128980885862624,0.7117320550359041,0.021638846936625218
311,0.146283698168054,0.13894954180096022,-0.7047308637665073,2.9233075339150605,0.1391866180791037,0.19940236601463415,0.01821679599104122,0.6604263031741393,0.01920368448061084
312,0.1817201339901731,0.18169982915506952,0.6028037336366534,0.040144849248911756,0.18159016435449046,0.2052403962469755,0.019412940399914595,0.5734041094753402,0.020488132730675523
313,0.18363566868404033,0.18382782641792206,0.22339525057326973,0.9097080412902585,0.1837808174475202,0.20502776220988944,0.019469580485110466,0.5887891695277606,0.01907906697659694
314,0.15873092511024778,0.1606843499959736,-0.2562228153196152,1.9504073996091613,0.16080571087599527,0.1911241140167638,0.01883927661541785,0.5650873263557283,0.0205103740639831
315,0.2009448370049913,0.1894466508283057,1.2207314336138109,-2.2532381796068317,0.1892072824749848,0.1940252646808131,0.01961790491020874,0.3418081339504234,0.019740878063501145
316,0.20371236176711782,0.2105719507852424,0.2755308160842461,0.8520429827877727,0.21059472952317876,0.19431521704644344,0.02016020236445541,0.6397670510312548,0.022108645510538868
317,0.17359047268961797,0.1639477930047691,0.8881961529142679,-0.6510131923252302,0.16372566454888124,0.18850727398813627,0.018930111820395452,0.5067413097974535,0.020112801534705425
318,0.22055945713399097,0.20975531150572863,-0.9730697263878407,3.696443081243004,0.210186058497037,0.19830844944750356,0.02013967484216976,0.6880075839843196,0.021042269034592616
319,0.2100031445123148,0.20382155355724846,1.116189013663929,-1.0805106420513846,0.2033933052887165,0.20016567749485145,0.019989486644733753,0.6210233290604772,0.021084640341377036
320,0.18453340274400915,0.17847932346204684,-1.0671102134765307,3.83952843983762,0.17881576001803634,0.20597766041446613,0.01932672749538748,1.1140649310121586,0.0177819620274157
321,0.20411701504730143,0.20228335148989496,-1.1700364841845996,4.128432164381098,0.20267073190559612,0.20942604239249252,0.019950253755984207,1.2656959192868877,0.02264109112142872
322,0.19728229619499557,0.19733546284865514,1.034887531199435,-0.9085774144092922,0.19716457636660475,0.20216762411780745,0.01982320413585715,0.46346359763807854,0.020583936369510968
323,0.21883355143868374,0.20144252522074002,0.03609145331375934,1.3769491289957216,0.2015105627340482,0.19513272195215092,0.019928755186840553,0.6664756862592629,0.021820414858925354
324,0.1749976367788646,0.1729675816454044,0.7862961880561078,-0.39791765109440447,0.1728200187296616,0.1975469848260548,0.01917777708498847,0.4543716366232622,0.021240211524492875
325,0.17499904127756835,0.1785245512024989,-0.36154069025144075,2.231167103735656,0.1787072328336718,0.18438508530907202,0.01932794238994389,0.5930677351485303,0.01888846178754974
326,0.1837443720091942,0.17895392020092105,0.5581372111729092,0.13579158932082364,0.17887381827523952,0.19810276662957368,0.019339470067681473,0.6360868447235475,0.02470846632523621
327,0.19571734074688846,0.18718429309289505,0.39402099505080235,0.5283230173191139,0.18707947560583502,0.19924863335384393,0.019558396639928213,0.7465749655682411,0.021304136723599862
328,0.20200487343058107,0.1851147516321003,-0.4810631399083221,2.518662077802398,0.18533031674306916,0.19790595686904364,0.019503709197000403,0.5158916123994421,0.020442077745265116
329,0.24273280813923204,0.2437159688116555,0.1959734473378461,1.1089170960969437,0.24377518144511728,0.19729690539020675,0.02096564939804952,0.7427353215810522,0.020832966883117292
330,0.18745027628630484,0.17427562279104253,0.5494313357109031,0.14456590847961684,0.1741181740631008,0.20203965700058696,0.019213287590765415,0.5928194464953646,0.019276245575810168
331,0.20913542184729964,0.22726870078366276,-0.8326186305588663,3.41618748620822,0.2276717722392196,0.21046402479010778,0.020572569641636,0.6896480478069626,0.020541109249748137
332,0.218800301139035,0.23477432278962407,0.37897196675787187,0.6710195478234577,0.23463773875504856,0.20922316032219712,0.02075351982656256,0.755971353947108,0.02376285888973032
333,0.20213479630648193,0.19919107708478706,-0.022180066711296326,1.5046519087594106,0.19923897402065927,0.20220782098316492,0.01987100469965772,0.851873350293188,0.02366938481195518
334,0.22027131138280132,0.20700094057189555,0.08923105794672219,1.2684966768646013,0.2070597012103228,0.19631589117708914,0.0200701865247678,0.6654350707492669,0.022735719160203016
335,0.18869061630337056,0.17209841943274687,0.15849104773717837,1.031045856847784,0.17211466011270007,0.19092746706225702,0.019154125033483536,0.612050701974108,0.020546758015403725
336,0.20367853750569193,0.20299520213583055,0.8342016369251216,-0.43946078796194965,0.2026960921094447,0.20591740000196382,0.01996842546396443,0.5333748955602762,0.02085265385648737
337,0.18486869977033082,0.18504068049753578,1.3928603116021818,-1.769182704873739,0.1847102118773499,0.2010904442948848,0.01950174740309195,0.1332726503951341,0.021723871164163678
338,0.2020672518146651,0.18234443101215994,-0.5904328804472352,2.7616774745981094,0.18254933458846065,0.20045695211445383,0.01943012479429143,0.8927093890408767,0.020242335396560195
339,0.19788550421178197,0.1927355425117692,0.42592575050895437,0.4685743853269,0.19269875104771778,0.2074092729574185,0.01970390891470543,0.6248969161505564,0.020098562681937503
340,0.21220531832537498,0.2051495144708884,0.5435046678134677,0.22877859718175667,0.20505583476441339,0.20181866073420093,0.020023257343528476,0.6780651408518822,0.022970535421724076
341,0.17947677042972787,0.20088768752478,-0.06102651379071302,1.5970809704653035,0.20099619379129463,0.2044838992634928,0.019914548396326823,0.6883243535341679,0.021156924288678536
342,0.212800247775166,0.22903311298577944,-1.059358750685144,3.93709830973354,0.2295543613194401,0.20864115235262246,0.020615348260140567,0.6530372895177569,0.02106380667933165
343,0.19827239087348777,0.18773230070943656,0.7364992515039991,-0.2511202925650379,0.18753133305970837,0.20501554146036763,0.019572837446146883,0.6047269547004759,0.02067776466931474
344,0.17989868564752134,0.1876985655219952,-0.47479678883825704,2.5102689091658648,0.18791708904258242,0.19800214776623515,0.01957194895942214,0.6553872796270789,0.018779058113996442
345,0.17333675343852956,0.1888006273221435,0.858575053990079,-0.5266174151200183,0.1886115838730408,0.2034333208227216,0.0196009412164338,0.498361010399146,0.020420553477329313
346,0.18376594842514712,0.16603445630996003,0.9462572492106938,-0.778196041166938,0.16585283624035918,0.19066139021338382,0.01898784700698666,0.5071828778228196,0.01933058312845835
347,0.17507385905415793,0.17381883513793206,0.09983486755539264,1.168655190283435,0.1738382977173772,0.19590938697510413,0.019200898300635847,0.6176755447423662,0.02266611207820806
348,0.22458006845027959,0.21751041891513215,0.9206288662072747,-0.6023723711408527,0.21734005226756847,0.19696170799432045,0.020333246493823544,0.5732599550396317,0.023511389533420732
349,0.1765706173225229,0.169439719857425,-0.19601399602629804,1.833112892743133,0.1695384739538682,0.1924380441295111,0.019081494939029598,0.6768972010614556,0.019307697077695023
350,0.1880810824982586,0.18503006981455253,0.5700644500157835,0.12197570772076659,0.1848521671375893,0.20322908935251097,0.019501466350925947,0.6574240303179252,0.021624247943576667
351,0.19481897666146225,0.17922274322086526,-1.4445376436694268,4.701628214376761,0.1797422005604874,0.20335090235408507,0.019346681978160758,0.6287501788271705,0.020141790559319195
352,0.1947859603888433,0.20644181331405553,0.3943232620420408,0.5713557614067918,0.20628357700894767,0.203076238369418,0.020056032777945786,0.8980517626015432,0.023583248151852004
353,0.19510197526992643,0.1811449713829708,0.4497939219439365,0.38784143716421665,0.18112314738101273,0.20316646167035704,0.019398129433180856,0.5814912976553315,0.019273794041728055
354,0.16817284733210708,0.1557359550016587,-0.009501976622644584,1.3766876423153867,0.1557636313283856,0.19676598232442646,0.01870026587806832,0.6771904648521133,0.020284326672864006
355,0.21425250334378587,0.2057363407758879,1.2119923312623866,-1.3005508985047165,0.2055407639487542,0.2018874709894559,0.020038151277598944,0.5333618468008273,0.0233872592003923
356,0.20033295019109712,0.20054225636948747,-0.07954025196669424,1.6384965702686178,0.20064247346774391,0.20564013506914702,0.01990569527902867,0.6689241168138965,0.021935208813375472
357,0.18633432061254787,0.20347261924410873,0.5749474044612494,0.15339966272876968,0.20338027802066147,0.20695671724968176,0.01998059774733228,0.7047777167171146,0.02176741807577076
358,0.1955547497529553,0.19671306359444363,0.5486290736408281,0.19736042705831014,0.19650094719103106,0.21161973484925478,0.019807129742355895,0.6313857154283228,0.021437098976488708
359,0.18685903323578823,0.18878597402524042,-1.1219160453369992,3.9879588003209574,0.18918882435646325,0.19645509088848465,0.019600556171830423,0.9587926085342509,0.019285265344430848
360,0.2157192147322103,0.2289359027846815,-0.33713952038318346,2.2904622234298384,0.2291390093253425,0.21061312378180236,0.020612995257716895,0.6733431971692443,0.022606808647605912
361,0.1826382515740149,0.18225509273211213,-0.6661677456979138,2.934121811954908,0.1825157662128224,0.18878795553208105,0.019427744549546787,0.6125406275768702,0.018391024576056462
362,0.19299786267756516,0.1919503052324731,-0.45728653547806336,2.480041285880802,0.19217750563458957,0.20457583577147304,0.019683429207602337,0.6193155582538934,0.022749389618821857
363,0.21234204496690537,0.20641176243002166,-0.6085619572707137,2.857868333275622,0.20670683609747026,0.19672859581470864,0.020055271610476454,0.6434537123239918,0.020489831937565837
364,0.20472978232027358,0.211424905057981,-1.0783730196368098,3.9403068907968724,0.21189903152320533,0.198007057063331,0.020181606316216384,0.7514635304765656,0.02345542193816095
365,0.21942909785718684,0.24302411467399143,0.5857423708627639,0.2184007935806079,0.2427847996951672,0.20631899838630008,0.02094936716838294,0.9459927260882272,0.027796874723573565
366,0.20459312909599572,0.2053284305027235,0.08055831144701198,1.2843982804933822,0.2053373682066488,0.2096505159355211,0.020027800221017505,0.7244357484392727,0.021866076605603926
367,0.18702142602328692,0.18103194450876603,1.0785362219096677,-1.0463363820312646,0.18071621522778414,0.18587544755097557,0.019395110211559582,0.3710151649789382,0.01905188964567455
368,0.2091840239714885,0.21912907049287775,-0.3227319159848632,2.2352610685448053,0.21933925439866303,0.2141732005911471,0.020373267964615825,0.7724561688814442,0.022912475801209743
369,0.21842060676147187,0.2481676996055203,0.27025532348146875,0.9497482723130933,0.2482004330039848,0.21436949194560637,0.021069898995680677,0.8802731703509492,0.024561497875386966
370,0.22104112658589187,0.23985101358806155,-0.5130100156218459,2.7162704918867093,0.24013303509543418,0.199364636855995,0.020874410593012604,0.8118823478771681,0.025631917363467583
371,0.2149352719166433,0.2131895001237628,-0.18849844401856822,1.9157118078505966,0.21333897484650763,0.21675231170881262,0.020225769318306507,0.5443023881450125,0.019966631017083895
372,0.21634026829740777,0.1889967424427917,0.3477942585731846,0.638153569465484,0.188990868402035,0.2014362149927969,0.01960609338288541,0.5654420608539846,0.020023239813568364
373,0.22316807403309952,0.22573103082717808,-0.09051008459545312,1.7209265504364342,0.2258708350225051,0.20481256045657192,0.020535166320987983,0.7317299079751448,0.025819760501613068
374,0.19843754283547851,0.20118500382134213,-0.9046491435230068,3.520933283748842,0.20155057844003305,0.19312184174849986,0.019922163300412247,0.8080232152660576,0.02318008451629842
375,0.1856244386086253,0.18149630980325102,-1.3320113499835267,4.450291726563761,0.18201439378954246,0.20273609576511084,0.019407509852968043,0.654998803560155,0.021829634909900312
376,0.19637800470180836,0.20392489745057923,0.21820850048679882,0.9674715020171025,0.2039333204834181,0.20981544055181098,0.019992118043749427,0.6886968204406363,0.02281603232699633
377,0.23418509788339234,0.2306991771810794,0.048921202263767054,1.414398806599746,0.2307796121928783,0.20638902579881863,0.020655605740587286,0.8496301747569449,0.023609768565893134
378,0.22079912892026182,0.2255960132469984,-1.2487362212390982,4.360981189214483,0.22618197411057064,0.206813346428052,0.020531876608255333,0.7177431788903856,0.023534924069939792
379,0.1883395704662032,0.16753511793742248,0.5636771023689445,0.09659153885220675,0.16734007243277738,0.1983719353397223,0.01902920344283681,0.724227698170627,0.01964409811730489
380,0.21406732965620742,0.22184628769637224,0.03400230977193185,1.4282334660433356,0.22194299963674938,0.20477723137226456,0.020440160221781946,0.6643044021777328,0.02247084660435097
381,0.21444898175108432,0.20362456313427363,0.7015335413215853,-0.13464300351130454,0.20352755350500246,0.19945176697754613,0.01998446921452667,0.6214208814821043,0.019575314583997996
382,0.18760742234692923,0.1896983112457824,-0.8508524875321105,3.3721067304419874,0.19002262709932427,0.21054578077631717,0.01962450689751233,0.6052282946056952,0.02286415826332969
383,0.1968148265610355,0.21098564451560525,-0.9286543267356216,3.598000245810045,0.21137025101523974,0.20401727678714376,0.02017058819315185,0.7976462501825211,0.022239954826499833
384,0.20294121373491042,0.2098240166214996,0.4140763433211964,0.5344390358924124,0.20976773435003937,0.20147207925239058,0.02014140317040087,0.6460533647522285,0.0207930389312704
385,0.25131779499055346,0.26025239536181527,0.5722620799843742,0.289024778585663,0.26020293523771243,0.20412105533759106,0.021348457223115347,0.7345622134130699,0.026669342071495048
386,0.18562935835632655,0.18304854966566886,-0.24736275120434204,1.9811913271150055,0.1832102369283587,0.20691115716320094,0.019448868725792174,0.6769404709307836,0.0229347133268766
387,0.21004903734739638,0.19946955688306733,0.6145363729999459,0.05387064118998575,0.1993409129839502,0.1963321129550257,0.01987816243143527,0.5687665090770286,0.0215702492772621
388,0.18292425818932653,0.18935864459744267,-0.4651254618919951,2.4920057869355423,0.18956483937351368,0.1815805944785475,0.019615595350781966,0.6358552322431205,0.020995855260498287
389,0.201974402228948,0.19768121508743014,0.2349717019353682,0.9150404097064572,0.19768741674245469,0.2082671861136851,0.01983212470073266,0.7482911381711923,0.021496555695231977
390,0.22911162416460723,0.23515433978199896,-0.2547166384952271,2.116739204538856,0.23534423318035377,0.2199619691160148,0.020762610701391324,0.7212964329821254,0.02171328899456598
391,0.198733793190908,0.21991302908881963,-0.8764530829185315,3.499344230204737,0.22033340729212741,0.1963059692385309,0.020392604785767626,0.6950313345805706,0.0255570992757311
392,0.2177386483618222,0.22369838936560893,-0.8677987196255174,3.48825465439248,0.22405524177983815,0.20091951313029205,0.020485547323643914,1.1190076615581692,0.023047924286930924
393,0.2060722360331088,0.18732736851795784,0.5968004416433585,0.06683071917291251,0.18724609237929413,0.20915994665245538,0.01956216850828914,0.573715293776687,0.02063613086442822
394,0.20258451833209756,0.20085493837708962,-0.49172693319385624,2.5788505400306674,0.20109972485047908,0.21698076079755219,0.019913709334250945,0.7422694513730025,0.022765127942665428
395,0.20012037044434888,0.19593100327045707,-0.441567313191734,2.4532804563848063,0.19617210935504115,0.19601293464770797,0.01978690224763367,0.7141618187844541,0.020945557069579155
396,0.17605514283894372,0.17635006828255356,0.6140507128995398,0.0021695465589539253,0.17621825273125466,0.20595305049657925,0.019269397313031126,0.5206354839865595,0.019555366836061603
397,0.23438570157988647,0.24536729354086934,0.4856944495425074,0.4519705064583308,0.24522572156148503,0.2099033047551333,0.02100442413723638,0.869308869508434,0.02381050403462125
398,0.22922519931978066,0.21960029549189092,1.452164533268405,-1.806954858924175,0.2193458930482367,0.19941550517453385,0.020384894664140122,0.32618010373133216,0.021321288927878275
399,0.20938794792211632,0.20512591999338586,0.5848261623956996,0.13436479231941925,0.20498730633384749,0.2059832245900571,0.0200226581287909,0.604078374489538,0.020698805305927485
400,0.1925152613709184,0.19435150579941698,2.116692654268439,-3.3822330960359546,0.19370616560055764,0.2014886070828187,0.01974594858111982,0.7292714846287331,0.022357900993433877
401,0.24180804239772793,0.24359444835662117,0.11926286372574274,1.2834353560775913,0.24364421811879633,0.20166060449268058,0.02096279108887959,0.6201987471222701,0.023878493537186574
402,0.2049933664134604,0.2033106230954422,0.6800083834138517,-0.08645263887591292,0.20318982216272094,0.20771267577000954,0.01997646881720341,0.6078082936823508,0.02170808915918726
403,0.2058529728641999,0.20545914454969696,-0.1867711236182831,1.8941528221720145,0.20556365632469095,0.19629982266298066,0.02003111814095909,0.7638630324611356,0.020879114920129952
404,0.21084067017067912,0.198314793721675,-0.05114638279387452,1.5686892761919171,0.19840033775427562,0.1994451833333397,0.019848454660543018,0.7262967062437886,0.02134644580508203
405,0.22426210919028905,0.24115853407940818,-0.5450902171862453,2.7923833014889574,0.24149168473515048,0.2089214983090954,0.020905353385954215,0.8038661578938888,0.023593921526445776
406,0.2017823392495138,0.19287228937584033,-1.0768668556277585,3.8945786731524135,0.19331806167328175,0.20389928317660683,0.019707471942776025,0.7171822218901142,0.020874652631809407
407,0.1927352417925662,0.1860981611593861,0.8816643605160489,-0.5852670660817954,0.18592970380316426,0.1896161774239037,0.019529725736659634,0.5158903114567192,0.020834834192786443
408,0.17044481507130424,0.17334502975572189,0.18308514937881512,0.9778237394873188,0.17335380422045965,0.19020088046243436,0.019188034396799284,0.5853866885163153,0.020426893331458522
409,0.20582749583455057,0.21670713042434636,0.06983445581533347,1.3347992122154464,0.21674043291920925,0.20810104190301612,0.02031333660135989,0.6980995193309603,0.023434845535455665
410,0.20057979612505691,0.2119982763753353,-0.2129140773167908,1.9686549746028754,0.21215280292897215,0.20231449484605685,0.020195973592056514,0.7467921754618133,0.02466625266175542
411,0.19530856159639032,0.19141384225965596,-0.7090616299636224,3.0527840849943346,0.1917248316037571,0.2083905327117277,0.019669418292385193,0.6808943819878782,0.019903212650690533
412,0.18653862621501938,0.18385625571919445,-0.8402389894247136,3.334595201974591,0.18358271329478298,0.2020301612783868,0.01947033543183133,1.4185169791563632,0.02141492196484422
413,0.1990058250119738,0.18965628339378326,-0.18652834902957424,1.8575710295159564,0.1897764236856301,0.19515741592844654,0.01962340459517064,0.7587747671371303,0.02314131105964295
414,0.20415304884205965,0.20576865615433793,-0.3771314277103023,2.328816045219167,0.20597753213743006,0.19886189354277997,0.020038970936185715,0.6495936572626966,0.021637650015605178
415,0.19247383746690716,0.20568667575054636,-0.6924594764732477,3.047470784810607,0.20597208833835448,0.20417488640132045,0.020036891450480702,0.8261619088459649,0.0220050668956539
416,0.2207817303317293,0.20933352359068277,-0.3294427743832751,2.2282285073370804,0.20954115450158542,0.21066373116190454,0.0201290591462484,0.6618700207037003,0.02038866365244608
417,0.20419401229775036,0.23219599304610442,1.4098807699444278,-2.4201599957373903,0.2318853544912754,0.1986630833963564,0.02069166108255156,0.3260375506423136,0.025214046980916446
418,0.18564491413455694,0.18124514585693333,2.453044437326033,-4.182950908332051,0.18094495900787633,0.19914178706024227,0.019400804723129852,0.5986965200023191,0.01847913311842974
419,0.23792394832008126,0.22574007794532028,1.038758782022695,-0.8532227003859427,0.22547060700711452,0.20428942518606402,0.02053538672311738,0.41407198020152414,0.024099737323714884
420,0.18800927275108023,0.1787791016002407,0.7282319538800128,-0.2523411487516917,0.1786423399672617,0.19864096340931928,0.01933477783630278,0.5604760251223423,0.021790860564460078
421,0.18194093193624855,0.185275988596743,-0.01916177046668872,1.466050179545944,0.18536591677263886,0.19742709436225708,0.019507978530243622,0.60685749063705,0.020862374009393822
422,0.19811817046444166,0.2027127026178192,0.2547023892579179,0.8815252316287776,0.20271045185379072,0.20793208887580616,0.019961217176182787,0.737208446553032,0.02005964160864258
423,0.17296492725447654,0.15345428515394485,-0.851368188227101,3.290656816487569,0.15376794950499648,0.1941147573526513,0.01863564268437008,0.5837613092949403,0.01678719605955617
424,0.2165779733201237,0.21915346529030053,0.6888741745396874,-0.07042600570400523,0.21905557979237356,0.20112588080858065,0.020373870135855725,0.6600310873957747,0.023281630953902566
425,0.19604393999479916,0.2043419334636283,-0.5463206766162192,2.711258397935004,0.20461246503068609,0.19742783479721943,0.02000273115701576,0.6235867189969222,0.02076726537974791
426,0.23210890003877171,0.21898516693332362,0.4665868605325325,0.435835100175026,0.21896981076653518,0.20433034836751188,0.020369715189786933,0.5956328460052633,0.02158211075067369
427,0.159808260965749,0.16145837572389768,0.535107413499951,0.14834637954041377,0.16137405423302448,0.1944161236786673,0.018860880981034917,0.5763748941496147,0.019650085018869487
428,0.23493237561811478,0.22181754386204086,0.620739627950959,0.09036289152086549,0.22161585904767947,0.19007706270859379,0.02043945450995257,0.7828226331269522,0.023838028565018533
429,0.2528081438569941,0.24208994085665886,-0.5464434594386276,2.7975911218338143,0.24238010865681375,0.21330477873708617,0.020927347522859362,0.8103171878576099,0.02306498727773539
430,0.21414202192204226,0.20673262662548472,0.516156246163623,0.2947277501215781,0.20664613392420275,0.21017557428319056,0.02006339644971148,0.5458728566490814,0.02063241438081195
431,0.18026098173119878,0.18031474283143945,0.2480729610449709,0.8455038337250105,0.1802822120799146,0.18495467868679413,0.019375934907030563,0.6150222071345476,0.02015617423929268
432,0.21078844132268187,0.22513582012381145,0.19740974560201416,1.0632708664509978,0.2251776002909333,0.20026569717373988,0.020520657339083762,0.6564044938561949,0.0235954490420589
433,0.1948554886100469,0.18406014204221205,1.0341228769259165,-0.9378421908151867,0.18374352510070513,0.18484186582430387,0.019475748336729146,0.5150913231995096,0.022568286870702683
434,0.18496662382287402,0.18611562778227284,-0.06507174039851146,1.5726220862106575,0.18620281626829288,0.2008099756468317,0.01953018733172507,0.664946103705259,0.020604493837743813
435,0.20696135423840356,0.20933187370900674,0.09831173638138745,1.2530603240819738,0.20934753202368664,0.19925593254242616,0.02012901760355384,0.8324677345941703,0.023904847397706177
436,0.20173136679999012,0.20165461333073292,1.0882614320211186,-1.0205934033421833,0.20143059052696485,0.20132750871290173,0.01993418146159003,0.4008517963990206,0.019376454350655496
437,0.1886232626902568,0.19890347961816643,-1.2331326427680422,4.264562053981016,0.19937156349151386,0.20912833149192683,0.01986360827107945,0.8054719369524911,0.02663287138206177
438,0.21750250059213017,0.23461786212691235,0.4210824217251236,0.5751521514696804,0.23461471703687736,0.20307667349376665,0.020749774963444326,0.6741131968139156,0.026479347032039496
439,0.24300013894810354,0.2303600261559051,-0.5000594805033154,2.6651113142748772,0.23066164716596535,0.209848504709817,0.02064742148073473,0.7232084018399471,0.021319508591489983
440,0.20297481991701447,0.22575865088025768,-0.03863111370942959,1.6027183949293402,0.22587518292022987,0.20863794975029812,0.020535839176825017,0.6874053603773242,0.022101653630052186
441,0.19421452344744933,0.19390295886203546,-0.266723044065991,2.050069929795103,0.19406057845265753,0.2054684536479428,0.01973429381277278,0.6866854257929871,0.01992478265635097
442,0.16803981644129357,0.16500763906506366,4.101019882124952,-2.3032334660805365,0.16474118433601326,0.19728216308157923,0.018959469796587566,1.0958992335904176,0.01823309456282604
443,0.18923896696121198,0.1652944206990167,-0.9963237471556363,3.6481002256682546,0.16561707409453802,0.20585133142050777,0.01896740182937717,0.6663272801392776,0.019199414687841334
444,0.22491770983861614,0.21503930374589014,-0.4712463301137381,2.5644992988403974,0.2152837678092476,0.2089327239419592,0.020271895604904555,0.6416613040588636,0.020656407869647127
445,0.19710446672506599,0.2027904858884438,0.18528223735030994,1.0399496708407727,0.20281376794672373,0.2003315581422822,0.019963202321588023,0.5312198190362928,0.02027732417803803
446,0.20747446612404047,0.19460813620207698,0.35438438285106766,0.6357269311435154,0.19454323807658414,0.2052402551877048,0.019752611782903863,0.4844985872810696,0.020114057883730673
447,0.18773233865340805,0.18980981236818412,-0.22991618503149958,1.9568335399132295,0.18996675053656492,0.21336968489257976,0.019627430863489125,0.7123764297169559,0.01916121013648036
448,0.20573703987329994,0.2081125867905405,-0.08617456568241683,1.6708769887608765,0.20823783783596497,0.20788957996060162,0.020098278645247037,0.7578468435598148,0.022037665306807994
449,0.19035173973612649,0.1912163874330397,0.7266178842474261,-0.2205745728548955,0.19103737169757243,0.19845086013974797,0.019664257336249127,0.5423493655558546,0.021668631541716138
450,0.21466300111664866,0.22616585610805992,0.27040169565940436,0.8991186368922577,0.226134186002419,0.2044936070443572,0.02054575487744706,0.6647530541700545,0.024846946334408822
451,0.18217335934135367,0.17527399851782693,-1.0148072686350975,3.7129848554162175,0.17564510877341327,0.20317001392042486,0.019240323307999865,0.6683651884339065,0.020378600845277702
452,0.2168382086604664,0.21783935682988997,0.7667761802232091,-0.2511181608219345,0.2176937875426903,0.19871256247715133,0.02034139009296966,0.4951942646807921,0.0202801328181975
453,0.18040833974393372,0.18474794996068541,-0.47377496812987957,2.50121240191729,0.18494991550006626,0.19583455694102742,0.019493991322661646,0.6909660857142738,0.020230098387932504
454,0.19238681920838885,0.18729706920970396,-0.9050793896543312,3.490250363989359,0.18764449062871166,0.1892545457752392,0.01956136982942052,0.7375254317550822,0.021179674793024104
455,0.16717989713701303,0.1693077046033237,0.85951054819984,-0.5736339123474462,0.16906189572994829,0.19809372331818437,0.0190778774913487,0.5448203048488763,0.021807978955586713
456,0.1939598605142344,0.20018282766361506,0.8487613191151779,-0.47889257847551475,0.1999063919502574,0.20621041749091218,0.019896476687386457,0.5797433260277343,0.02627189083599452
457,0.2040831079628807,0.1802070211187255,0.025072019704390477,1.353666073220944,0.18027832568639698,0.1883898779748783,0.019373052272406387,0.646984402560469,0.022122713642276283
458,0.1938705180229982,0.18670297091910426,1.9466618362179744,-3.0118119663891587,0.18616508293137624,0.19592028249529794,0.01954569922287115,0.8170463297089264,0.022476723850889148
459,0.1777183608101286,0.16524830059900444,-0.11397199189808527,1.6365292400583318,0.1653431884970694,0.19169546553777758,0.018966126544140764,0.526870381753546,0.016858697854279812
460,0.20142785283468656,0.21744936587381636,0.09313012255623283,1.2834525721507979,0.21753256970346108,0.19385594611803575,0.020331734395131747,0.6017277110629341,0.022893465481099558
461,0.20863789906468885,0.21853609060784634,0.343125371843222,0.7161446577504433,0.2185442067698704,0.20046472569502458,0.020358621529744596,0.7102493617858526,0.021160865893942584
462,0.20905573043466608,0.20481569801499225,0.009059993206609144,1.446259269787956,0.2049029372532078,0.19802027633619218,0.02001477690463282,0.6223240485892558,0.020509923082286052
463,0.2212162952370271,0.2125993044357593,4.3696071124722184,-8.479495874721504,0.2122637606649655,0.21605025008614018,0.020211015929121303,2.4718759532267254,0.023370530939104243
464,0.1952662147600375,0.18607813765111403,-1.258323152078517,4.2927529380356315,0.18653060063114332,0.193461188424293,0.01952919654899672,0.8058640107363844,0.02123428635976413
465,0.16111627423401342,0.16087560168062398,0.2491659072545952,0.7987936907073704,0.16087118441766968,0.2091915281114709,0.018844618259798523,0.5431220628910427,0.018199155322847663
466,0.2100087292486548,0.22308979684540428,-1.3555127683530772,4.5986859794703205,0.2236927817139759,0.20842199823903243,0.02047065181476604,0.7018592134870661,0.026484722388109932
467,0.21641596026185897,0.22126650843099907,-0.47513619313099925,2.587564566843679,0.22150343645687617,0.20763158840880316,0.020425917775998906,0.6011922706087939,0.020524150199329662
468,0.2093272647292369,0.18823808877759068,-0.9030351556291459,3.487733680758487,0.188612423182488,0.1984431041889908,0.019586150814276893,0.5441243886814573,0.02100192405278165
469,0.17766222437039425,0.1835655027350884,-0.8515954358388323,3.3598205820256783,0.18389972892242523,0.2013987034413707,0.01946261225304962,0.6326889420973034,0.01916405516672342
470,0.17088822565034778,0.16293912571599964,-0.0801725574235036,1.554211055275419,0.16302082128969225,0.20028181359456612,0.018902107083621854,0.6255014848255567,0.019719235848352615
471,0.18984563628767256,0.1929851234239952,-0.6840386484661237,2.999319709830191,0.1932892467244185,0.20030934259239985,0.019710411136211067,0.6090937690037601,0.020669373838506783
472,0.17190126979693104,0.18366784402586772,0.04905959956074006,1.306847972450604,0.18369332118416204,0.20340889211741733,0.019465331259705107,0.666165099123243,0.01987380132412355
473,0.21702775180790457,0.20704074985848708,-0.1127324498632391,1.7289759579627966,0.20716507720188873,0.1970832735203067,0.02007119363880753,0.800215151743695,0.023828601294941864
474,0.18627697754661565,0.17537208181808345,0.10956161708079076,1.1499375350768932,0.1753357108128314,0.19617744836197054,0.01924297620765114,0.6489958230218467,0.02087407345485908
475,0.1963797347631345,0.1974960195687469,-1.2249642243368717,4.242733232814409,0.19794871759869104,0.19404222765893014,0.01982734737126422,0.7387142964085387,0.019135772368370947
476,0.18712360791724422,0.1885197148254949,1.1422231929587978,-1.1738249823786204,0.18823930649209342,0.19973230237636325,0.01959355759890583,0.2637124701988662,0.02071305825924448
477,0.18486723147105596,0.19792214698314595,0.6845644738880158,-0.10915785523392525,0.19778467211947037,0.20949276364691338,0.019838337056625223,0.6905491965480609,0.02308820247531611
478,0.17646096656962956,0.17913604022601323,-7.594976061866115,18.722377511979143,0.17874596053751182,0.20368654192624155,0.019344356390924237,5.6260635490844555,0.02095668152244751
479,0.17759126753565688,0.18503583623955966,0.7416109182564221,-0.26828748457879337,0.18493957544865341,0.20099926807169602,0.019501619090821418,0.5378434171707885,0.019322831860411154
480,0.21211946350551092,0.20914763466719663,0.919046024592024,-0.6177388782601889,0.20899010151139047,0.20474233133004183,0.02012437773272596,0.6079287657849098,0.025039700401940215
481,0.18022681157003081,0.1691332728753289,0.9342900815278474,-0.7440001250030097,0.1688576226084643,0.19455476388189882,0.01907309614578657,0.5835734558146058,0.02045323392223304
482,0.20786396060795848,0.20379913917323159,0.3814258816497598,0.595070636793112,0.20373839411073902,0.2099107203041945,0.019988915843450257,0.5876210675685055,0.022014778305769388
483,0.18525298730789408,0.19133788835148394,-0.11504051996229313,1.6984403579085017,0.1914483977163008,0.18847323323731702,0.019667433308695036,0.6739040285266976,0.022216197137697208
484,0.2138503018085032,0.22811905399657845,1.2499635332861212,-1.3512088667890754,0.227857220667907,0.2017897832328757,0.020593205312039647,0.4175879798176977,0.021787450990836493
485,0.1719596131095667,0.1716388594268995,-0.47518105190783333,2.474532273932741,0.17183821081644066,0.2030477978579819,0.019141601078576383,0.5826119361770777,0.0203786960073851
486,0.20701649325653892,0.20854722228115677,0.4320284344419425,0.4906497277838072,0.20849709842887873,0.1987570868701073,0.020109244849277817,0.7704845719670439,0.022319632746282913
487,0.22522448060742112,0.24470814606651303,2.6075098623235062,-4.39034062268425,0.24436398488779576,0.20301301698598076,0.02098896152366985,0.5065070269229514,0.024508083218689858
488,0.20540286051634254,0.21855228584274417,0.14729287676010333,1.162381431984836,0.21853855023079002,0.20539945751695932,0.020359021779172766,0.6998204712612427,0.021706104437201643
489,0.19212066301015904,0.19381384956978273,0.027715453314643326,1.3786585338923996,0.19388867366735027,0.20476259468019362,0.01973197714636867,0.6331197137492326,0.021751423498065112
490,0.2085058290952822,0.19465637787562803,0.3606814942555041,0.6216508849722527,0.19463897500043864,0.19965933816487033,0.019753863939246958,0.5463978518584504,0.019463076729684437
491,0.2216275307913537,0.22197809338840097,0.7663461899040367,-0.24108707588050265,0.22175481560455193,0.2115180685320014,0.020443395764988864,0.6201941411625864,0.022235309297570064
492,0.21016816433454258,0.22271055054533934,0.41764011469464213,0.5554499250630659,0.2225953678007073,0.2060495450828415,0.020461360486707575,0.6937703057813226,0.02420140942842784
493,0.2340890710950225,0.24030479658179066,0.16355337688690175,1.1749568257230496,0.24032827056154776,0.21148213761432877,0.02088515838301704,0.719292861429626,0.02325487518775601
494,0.20167509635627665,0.19161879829953427,-0.11161083773030275,1.6912604531801607,0.19172706632712913,0.1993054145189021,0.019674773040438027,0.64381977255197,0.019774572193448
495,0.19092957564165736,0.1839285019430006,-1.167054528872445,4.079789554599323,0.18437940152907534,0.20427952131143398,0.019472253740734042,0.7226980954727195,0.021741846182840575
496,0.21388323598360298,0.21683134845182067,0.3637993455255476,0.6647479173616361,0.21671122523439876,0.19655333593593038,0.02031641751075368,0.7856199303263955,0.023473756794550785
497,0.18871518206906063,0.17332483424328463,0.35003298272854927,0.5971451110405984,0.1732643965649683,0.19470047826041634,0.019187485789270025,0.6522982558319697,0.020599892245901044
498,0.16860581349877293,0.17561932347444553,-0.7685528896361369,3.152394592440979,0.17594060358482483,0.21168214213746292,0.019249660945716122,0.6663302170910199,0.019206958401076224
499,0.1785382218927299,0.17530229042061082,0.5288704788145807,0.1940723672498409,0.17520673569529183,0.1921062852130462,0.01924108858887467,0.5963953180807133,0.021853956388718718
500,0.2118332294966772,0.21635714474861062,0.31748412197824993,0.7693924600380497,0.21629467752326786,0.20640866251205134,0.020304651956014625,0.7652273101443637,0.021037258115757622
501,0.21147674365416988,0.1988442317367281,0.21989712504804296,0.9520351358968763,0.19884875852223452,0.2018894483942122,0.019862083985612327,0.7005794514491012,0.022671557182077993
502,0.15947342662973754,0.13808950741079312,0.4676432427248927,0.24846787297228418,0.13795607855190967,0.19985122547333029,0.01819151305233164,0.6339954881436501,0.019314699462623437
503,0.18560976089748144,0.17414958069316647,0.8187361368713776,-0.4701095815299029,0.17385624219855805,0.20565077618276348,0.019209870227715642,0.49999508350228816,0.019859575592036202
504,0.20552325156890747,0.20816609451089071,0.06365897304053829,1.329423096145805,0.2082100593719278,0.19599883523438905,0.020099629214062897,0.6814920392183114,0.022202788744351828
505,0.21021792027404954,0.21558014968548536,1.0568194192412115,-0.9171797726561359,0.215349860104724,0.2032467619409482,0.020285349453338063,0.5994982046434404,0.02257374697738384
506,0.2216995051440792,0.19843006059746052,0.05525447711882594,1.3264122204897246,0.1985014723441667,0.21501492706439965,0.019851423254049427,0.5969911620860868,0.021217673119148378
507,0.17244618685831045,0.18259264357698365,0.649178867533621,-0.06361769779539574,0.1824479490427118,0.2006368579232027,0.01943673554333172,0.5722969342193555,0.021007145827583038
508,0.1839949829369579,0.1853354422548793,-0.4808445046456448,2.5186670617569895,0.18557565971737236,0.20224185144653006,0.019509552411136364,0.7324522774133831,0.021085075800771954
509,0.17873900827269878,0.18273604213184053,-0.40190529612911274,2.332786773849991,0.18293256460008192,0.19826010543216574,0.01944055313477974,0.6263512008751697,0.019819309444444964
510,0.18339384234780504,0.16466232839636497,0.17077285314574414,0.9860576148349963,0.16465522511641617,0.1983479165295032,0.018949912212178188,0.5530304030691285,0.020410984202844658
511,0.18538139416660837,0.1744183556304455,-0.3660440585830681,2.232074078120833,0.17454634623423385,0.2153154110019587,0.019217156354723246,0.7530620374900239,0.020472892724586488
512,0.18118734838076836,0.17919517053171796,-0.07287405239556448,1.5746324502423488,0.17928683425827371,0.18869964567789546,0.019345942458098838,0.6028495814630469,0.019199328870749374
513,0.22944640474110922,0.23107184734040165,-1.5592756438353388,5.081392121307993,0.23176886664806765,0.19748380025369208,0.020664592565883405,0.7226416231579643,0.022391164905159324
514,0.225424630125276,0.21861002254229495,-0.3461566238459736,2.2874757809357287,0.2188233366936905,0.20816742888397086,0.020360448579410415,0.5984378829439694,0.022932773482962528
515,0.17750314003179357,0.17417303754321253,1.06460532566269,-1.0279254336265422,0.17384003619543048,0.1978471138433305,0.019210506281340516,0.7522301618137774,0.02229241063752958
516,0.210404424285261,0.19987629093814058,-0.6713609691828037,2.9861308045747625,0.200090927529914,0.19225654846742093,0.019888609235119366,0.9058538568886042,0.019922377380245212
517,0.19510711499012498,0.2076531959946945,-0.7078918897127704,3.0871376090849676,0.207999839015211,0.19587862917748738,0.02008667724740925,0.7111606274764196,0.02189286600711841
518,0.19165285681848737,0.19107258133200017,-0.14871077370039112,1.7745923266410422,0.19120994197700975,0.19322818502347475,0.019660497266542742,0.6905897871588002,0.021641063356815936
519,0.18241052131828625,0.19818457667222106,0.9473964626778071,-0.7083379090792669,0.19785898873952842,0.19648425682956608,0.01984510018256442,0.6364284447904186,0.019664351965483447
520,0.22483538335574693,0.23017369688729875,0.6635033427713563,0.012577415827318195,0.23010487703372245,0.199717658448636,0.020642922726045763,0.606469701191936,0.024815529296690113
521,0.19744473246677452,0.19635914885297134,-0.1805998580383195,1.8593359855230864,0.19650998180869045,0.18832878966520314,0.01979798005257827,0.6773784525241285,0.021707405501535378
522,0.1995529575061888,0.18564947022127845,1.202670520700718,-1.311171435990006,0.18531728526215335,0.18725889342852098,0.01951786217706322,0.5294880025797907,0.020129657443353634
523,0.22189642522962835,0.23216758106901592,-0.4540411279981021,2.5643271064731437,0.23242002314915022,0.1942688364893748,0.020690977682308088,0.7292298068051596,0.024964968090687743
524,0.19261796989413596,0.18945834724917132,0.5882374476427046,0.09098681253481206,0.1893424530803867,0.19655785254308317,0.019618211828606614,0.5380767875607096,0.020357620002547604
525,0.20157842163883452,0.1799704784677819,-0.07351010523329476,1.5778503192260684,0.17994574517246847,0.19885994494855477,0.019366720041085715,1.1033119427359686,0.01822891131356502
526,0.22677542295310557,0.24132791683856408,1.4982356048525187,-1.7137460162773257,0.24096821791253134,0.20857441908074267,0.020909356127433887,0.4906685929299175,0.022891303902485935
527,0.19545682057400032,0.18230602577872085,0.6645024890797369,-0.09907195076284467,0.18217834215873327,0.20204428286971038,0.019429101617398484,0.5169755297634256,0.021130673481962594
528,0.17606176235332197,0.1794556572454443,-2.7698438442773092,7.723410800453965,0.18035693985661091,0.18514186748918196,0.019352927151225746,0.7545398159094729,0.02123473084310471
529,0.21695775685986937,0.24315255958303159,-0.5013776565331328,2.697276772205439,0.24343542405757065,0.1925890467011425,0.020952391663078492,0.7099764056006151,0.024713306547990296
530,0.20423538938087152,0.20935165633280745,-0.24382384493132694,2.0330871734287417,0.2095261230010129,0.20212900489921193,0.020129515704908396,0.6129722630917962,0.02271602968455059
531,0.19855744921722224,0.21173433232101987,-0.4420648587975552,2.4904453987448703,0.21196089954013103,0.2026371167445654,0.020189361881870545,0.8083478314483751,0.025376041985146213
532,0.19657102035930696,0.21490060595423724,1.0184917866894039,-0.8312372981826526,0.2147085399518688,0.19914350287749116,0.020268443050175635,0.5649053771612393,0.022686795094521303
533,0.20839750289846115,0.20284725495185835,0.12954670699763648,1.167100817885001,0.20287221083705576,0.19443008229395772,0.019964650951873816,0.5954036131705138,0.02050795841075266
534,0.19379917312771455,0.19385715666232445,-0.3060454037428494,2.1396123371482596,0.193991074740213,0.2029741149005119,0.0197331030997046,0.9896911491139713,0.022829124231858306
535,0.18472908760350748,0.18198413263521587,-0.4669771588983728,2.4794127685152763,0.18219263860053145,0.2028796599931868,0.01942052255507403,0.7610727437514379,0.020406742770651062
536,0.18167824819875625,0.18911697842707811,-0.47321309858623634,2.5098921748728764,0.18934527318811858,0.1992305073343404,0.01960925106111689,0.6361258506566031,0.019259791942638556
537,0.21402955858584793,0.21996360698655434,-0.11387178641407501,1.7610344247436236,0.22009343347386204,0.1992587254912669,0.02039385127720295,0.6643896253864219,0.023168469106587576
538,0.21629277547887035,0.19856058660523532,-0.1830456354903353,1.8699350641427637,0.1986847316668266,0.20958654975786165,0.01985478397357094,0.6689705447601415,0.021923850691675708
539,0.19197008958915876,0.19396491946661223,-0.5184664426395057,2.6241038657203375,0.1942304650481178,0.19431496831222902,0.01973590441153393,0.7380318579303728,0.019711003367378854
540,0.18993702824743522,0.18574202811869098,0.36257981115290766,0.5969869760761379,0.18571439920266786,0.18652213839932277,0.019520310371176262,0.5836278763844626,0.020245086576769752
541,0.18040451101576435,0.17953431251902977,0.2875646552628275,0.7537858122499074,0.1795178836489651,0.18888113202386314,0.01935503544334944,0.5920690238356295,0.02163007203248242
542,0.22218848428310634,0.21842259923331284,0.44199527628041546,0.4905111775233139,0.21838899816063678,0.19934216573785765,0.020355816335736743,0.6768705259374159,0.023467846236267114
543,0.1825398798153334,0.17418886793189767,0.8922745216267809,-0.6363942789164629,0.174050175027548,0.20535606184908956,0.019210935518217162,0.5833944040535503,0.022782898813200433
544,0.19841940022475943,0.21094249986117883,1.888370571375391,-2.822130617428795,0.2103633519831604,0.20608531531538127,0.020169505449955404,0.7461010001330249,0.021075910757114322
545,0.19565561970209522,0.181252454286506,0.7425573909170068,-0.2793402758898711,0.18111104508638282,0.1962480442710148,0.01940099988173453,0.5798143516718979,0.022227500328558376
546,0.2341967751622544,0.2481957528917014,0.48522020500683766,0.4598442812869537,0.24815441154021622,0.21475532078010123,0.021070553112738154,0.6486802089978454,0.025177888236783026
547,0.1838650360335922,0.18883779771640088,-0.6283546184627016,2.8629256848691047,0.18911968412694327,0.1964727556767533,0.019601917889100942,0.6326868771443352,0.020167899749875696
548,0.18776986692451056,0.17409449080605302,-0.7917599922398618,3.2018249509895313,0.17441976082470045,0.1996525728940067,0.01920837628791449,0.7023235713229872,0.017131098157147417
549,0.22339453141157148,0.22140346957189172,1.0484647109914849,-0.8856149580396011,0.22106017195093738,0.19447661566912305,0.020429283755629583,0.5093978777760058,0.02097332240697159
550,0.19123137727728473,0.17744920775521014,-0.4979016810233793,2.5395753818218987,0.17762923254430277,0.18645575246609047,0.019299024636071745,0.6971908543658285,0.01890321850421916
551,0.1991239699109433,0.1938056186114176,0.5174918229203722,0.2622556852446124,0.19372822850599128,0.2063231996440078,0.01973176313579047,0.5834325159521195,0.020401126000014456
552,0.17572963656874088,0.1766716970843747,0.4477610134248316,0.3817743270621922,0.1765360256089067,0.19391550771256746,0.01927807412961086,0.7026571055418752,0.0183589710677981
553,0.22332983034156934,0.22001651400481995,0.6764802192223182,-0.040176477244237535,0.219933445264298,0.20242539392218728,0.020395155034559503,0.552256179164395,0.021714021670085255
554,0.20653712695722187,0.20831724972211885,-0.0648798117472286,1.6228009721987602,0.20842122425450063,0.20889615844685902,0.020103443669557842,0.7512215270823633,0.021431422220824226
555,0.18492657963239778,0.1776979189814561,0.39846451134399524,0.4967850065084815,0.17764433677160388,0.18934576917505144,0.01930571887043806,0.535700628700015,0.022183581567628723
556,0.22425440251837034,0.21952753871264244,-17.625130506378877,41.679863513690314,0.21903458547499702,0.20049462272785404,0.02038310022802998,62.66445994847992,0.01986705391292569
557,0.20794002435465117,0.19568923930659043,-0.5131084411863183,2.6158233422791968,0.1959013893237459,0.19536058168702308,0.019780642487688984,0.8259846434578952,0.021918241386215603
558,0.17161590423822132,0.17719028556376307,-0.09195919688695982,1.6135687906846952,0.177256139925031,0.1921030647182029,0.01929205173605026,0.6419006718663531,0.02394440281158548
559,0.24328026112632495,0.239645624784471,-2.0988784737323227,6.33104997842872,0.24050308117995045,0.20143785245889065,0.020869542869399255,0.8150848935557492,0.02283365322278904
560,0.1590768451633242,0.1568176695226884,1.6103932485934758,-2.065035002720263,0.15655967901629853,0.19329474054891607,0.018730786268009662,0.24974587463649495,0.02222077280192524
561,0.21803899846651886,0.2155763125182584,-0.09206788721683237,1.7013224276821601,0.21571022779170326,0.2111475553798307,0.020285254053379467,0.6278694759073502,0.020229680214806988
562,0.2036584356710543,0.20331664935650592,-0.7088863542907647,3.079519708942484,0.2036701517052327,0.19742222843368662,0.01997662243820758,0.5532074538548688,0.020859921090646518
563,0.19902911352686767,0.20550172387175253,-0.22045378081487457,1.9710317482427302,0.20566219565320798,0.203438495509359,0.020032198741283213,0.6576467825967037,0.022922164083771873
564,0.1895802393157227,0.1989234547191521,-0.21671000171763843,1.9475065148086876,0.19909484866596996,0.20200448305401655,0.019864122133336187,0.6710712333666153,0.021257686620162843
565,0.22462082840063066,0.21563276135166579,1.2293215493763612,-1.317608828983417,0.2153768713275529,0.20767877320974484,0.020286657414267766,0.48958266740309814,0.019861742825065795
566,0.22242930409398803,0.22171742361601646,-0.7297124533024312,3.168940295085959,0.22209814397014518,0.20553604492648084,0.0204369960647959,0.7515169138874064,0.024373954784839228
567,0.21403141107481694,0.2198756195329914,-0.7694018845870241,3.2552193332581125,0.22027547001164,0.21143526297478568,0.02039168274659223,0.6267884181127822,0.02207233324380898
568,0.19519515665141193,0.19668739726397297,0.2772424514603371,0.8164685337105628,0.19669681635550343,0.1885207420054147,0.019806466422870005,0.7016917287710062,0.022708064523561094
569,0.18091117368206033,0.18224421897431992,-0.19879520630001699,1.8686456747402267,0.18236756408681476,0.19882467352587355,0.01942745480828984,0.6936699006839505,0.021796871154094066
570,0.18008716334420974,0.1877447809709247,-1.0072035191765678,3.7240806990385664,0.18815783584595255,0.2055062494401292,0.019573166123824287,0.5888017179304682,0.022912616502616598
571,0.19199362094516786,0.2042628611963062,0.9055573755282199,-0.598150718895385,0.2041082476500989,0.19601204740311123,0.020000719553650414,0.5006683391511143,0.021900907677309706
572,0.20697833275219363,0.20792358961642676,0.8593732319626103,-0.4846796258791109,0.2077615584620478,0.2125418828724174,0.02009350705385457,0.5477941697596278,0.023491908585473203
573,0.20027902190020122,0.2214404393957147,-0.986479309730045,3.753650344106913,0.22191360499864157,0.20295700932260896,0.020430192174131386,0.7395904967947682,0.024873405356574053
574,0.21165896777948098,0.19797556970805466,-0.17006538813370556,1.8390069076785691,0.19812321840312197,0.21162190045828322,0.019839714123384415,0.6899777591378946,0.02030676963797394
575,0.17751556816124364,0.18771858491629387,0.23813249138778703,0.8851687655228239,0.1877375968430566,0.21003128291031567,0.01957247621971666,0.6776034930152758,0.02432329230262197
576,0.1967552135214006,0.20632086159865917,0.5929638846887293,0.11859347237889097,0.20618768586667305,0.20321794700754436,0.02005296887168518,0.5939310629834244,0.022702550124116445
577,0.19066918773030583,0.19370681590486938,0.031542994415990844,1.3696806835680588,0.1937652704147359,0.19446893516298386,0.019729193909082662,0.7443323503011284,0.02469622453977571
578,0.21651453524551914,0.21023017085838783,-0.47007729549511224,2.5508752665927017,0.2104864339037652,0.2091430952775411,0.020151615339587748,0.6480337209956791,0.023263833060430332
579,0.17033913855576374,0.16088333835326504,0.9877116175550233,-0.8851516493975338,0.16059043567455122,0.18712716180443742,0.018844834296248975,0.44178811995390355,0.018881662943777626
580,0.1630090914046772,0.17605942584562936,0.7652573821534121,-0.34288203033426073,0.17591562082693948,0.20201134307719493,0.01926155122868883,0.4927877723315302,0.021608869183687394
581,0.22646042692151636,0.22311420768286097,0.39239605802740846,0.6137111784854824,0.2229310263731833,0.19516836806561813,0.020471249626282113,1.0213267958140995,0.021821822095898422
582,0.21278103963699543,0.2214118897267874,-0.5790939726685993,2.824884306601819,0.22173218229110703,0.20144653940207502,0.020429490660668258,0.8433364393159806,0.02491400364669111
583,0.22487042075213262,0.22769210216272215,0.5672651836164637,0.22594160315249653,0.22757329858002506,0.2035914717895021,0.020582848739647722,0.5930489825180038,0.024427573808045642
584,0.21458986182065357,0.2166851349720272,-0.6186494351475689,2.904280602903486,0.2169478992910883,0.1950549211736731,0.02031279098024863,0.7821389110374338,0.02249761148912497
585,0.16441075687465384,0.1676794721673379,1.1291331888464216,-1.1883380310150273,0.16737726541437398,0.20567760996748125,0.019033174439300443,0.47514282894131993,0.019831887182502693
586,0.19888509134394364,0.1843164782672124,-0.2407115555460617,1.9689191853566483,0.18445008184411577,0.20468062773090542,0.01948255037026006,0.6721368668655646,0.019819958647823602
587,0.1839487868540561,0.19422290508243192,1.2077785903208522,-1.3456701464574463,0.19381119400176122,0.19824476800144405,0.01974260821935102,0.7575740296518243,0.01994677971570335
588,0.20066192169090383,0.20283725041244127,1.336937610864362,-1.581877777311124,0.20257492334421465,0.1915760872663862,0.019964395668825113,0.4311124438328087,0.022712019494937934
589,0.21381776586714693,0.19942675320586334,0.26993458487844785,0.8391958177428434,0.19937890713535267,0.19373121328335988,0.019877062522961543,0.7521889261007383,0.022846689026671318
590,0.1965298958942926,0.2030712153144675,-0.43965447537751406,2.4651973267188807,0.2032804287053315,0.192840469652235,0.019970364307174648,0.7223388721178786,0.022233619523301305
591,0.1694563975255681,0.1730149685784689,-0.04935297514489309,1.5069230682307095,0.17310115244378083,0.20008175925411031,0.01917906530913468,0.7202792177685461,0.02447175154194379
592,0.20857818268222733,0.2016201903318622,0.30834418964470245,0.7567093441880671,0.20158431349160014,0.18946502221380426,0.019933300910870554,0.5925705371305572,0.020786876958991077
593,0.2066452051228273,0.20882054833637975,-0.43775504810309906,2.473974996131053,0.2090668429318513,0.19921689563569964,0.020116136100449523,0.6784129917324292,0.021562370770355704
594,0.21975649866997723,0.22929133736743465,0.7836227250019648,-0.2636333932324132,0.229103098561066,0.2030304650919677,0.020621596465679983,0.49615154931482486,0.0223728586891223
595,0.19619403296113844,0.19311616846573723,0.08752103918479748,1.2407028167845378,0.19313653753344542,0.19670046386009893,0.019713823830239112,0.6425233700849317,0.02301812987077678
596,0.2191939383391188,0.22246097589662708,0.4912992213674707,0.38734637941933386,0.22241291385242515,0.19309982306004922,0.02045524220658935,0.6194328697487653,0.02090241284379702
597,0.20049809472387006,0.19045821602275548,0.2230568555796135,0.9257639470235413,0.1904778286037778,0.19145684747352537,0.01964442073078798,0.6666602540159774,0.022304806302842695
598,0.1771060084912178,0.17268409997715817,1.8366143361926075,-2.79410137675293,0.17228684288045218,0.19536546163209806,0.019170067787261845,0.9220930801792946,0.022179028173974193
599,0.17606505079655912,0.17557601366898526,-0.38588034945246635,2.279929894286138,0.17572182213794654,0.19283663761384431,0.019248490226534447,0.7878863155957406,0.022039846196408468
600,0.1779667285718036,0.18635595457723672,-0.30431588346445415,2.118566822903357,0.18651025581262945,0.206273569739247,0.01953653676990154,0.7781158726289741,0.020875420436149393
601,0.1930827599810013,0.19821524932352327,0.7454213592537497,-0.2469965724857999,0.19810462220219827,0.20629189173562046,0.01984589041232247,0.5870157944121401,0.01953093087248639
602,0.17101139839819524,0.16986115444257496,0.7616265626541648,-0.34883597100215463,0.169708117144885,0.18131845669793886,0.01909303595050227,0.5132881812268568,0.01898176294171185
603,0.22199181449721006,0.21487440702006588,-0.5815633986218923,2.815611150226321,0.21518124076785725,0.204275707624363,0.02026779078076883,0.7119731649047856,0.022476007642205538
604,0.21179140599973603,0.21612752741691982,0.9160987294718711,-0.5951506331790867,0.21597098436217865,0.2046320445126028,0.02029895083562264,0.5191700512756487,0.020635760144525176
605,0.19932242175700393,0.19723378779660075,-0.1743158355867004,1.8470088802906264,0.19737902465440832,0.19768992093080517,0.019820579650356145,0.6970009219753968,0.02091008031823419
606,0.19075387106620087,0.17484577251697683,0.5803366215644493,0.07567741437695999,0.17473041993327462,0.19438082802830178,0.01922873427046803,0.48496309028437906,0.0211149980143654
607,0.19079758192931284,0.20152612940560594,1.2505055385502826,-2.162138880973137,0.20104422754557108,0.20324344056303253,0.019930894484277113,0.7148674113402982,0.02240503453285937
608,0.21605371991465966,0.2212758492166753,-0.8600582710817605,3.4650841734692612,0.22169072615392157,0.2033713303715209,0.020426147365987676,0.6634067777183605,0.02030992387365467
609,0.1862647844282533,0.18787224326795934,0.1345338111765164,1.1216265186503656,0.18790844855008657,0.19180767251530229,0.019576522447244876,0.6391425596461123,0.020053441529045084
610,0.21853834034148614,0.20697977645786575,0.642898682014842,0.0065357273092764515,0.20687981511478296,0.20026554570039348,0.02006965107162983,0.6143851420898725,0.019636419664515178
611,0.206001579698071,0.1992848332675462,-1.2609992162886565,4.3289558303619735,0.1997950786137769,0.1971719214919421,0.019873414965369804,0.7642954687157817,0.023221898900364808
612,0.23785527396341,0.240557009948044,0.058503766923225585,1.414998857316591,0.24060257741210694,0.1972849713319261,0.020891127927797962,0.8361172047914563,0.024318718161304067
613,0.17888260235562103,0.19411462263402807,0.0731285274938461,1.2758014594566651,0.19414983305817568,0.20040224920973998,0.01973979491976287,0.6503406597572384,0.0211241530983897
614,0.17901963768839144,0.18584349034655528,-0.7144788312509059,3.0524337168810676,0.18614420886730199,0.2006299344708754,0.019522993534064545,0.6205766363942522,0.02022572856172978
615,0.17981680260354307,0.1732502232579054,-1.5996865525372035,5.041700925413443,0.17380905228559748,0.2008207828976344,0.019185458785252112,0.6786349167857562,0.019713943294007885
616,0.19226441418556328,0.19221163103848596,1.7627544396341894,-2.600019171419953,0.19188921907355722,0.1956462152344095,0.019690248579368335,0.599846218614207,0.02159469897906353
617,0.21580129576742257,0.21149677819427126,-1.0154094480646714,3.796934488937497,0.21195309158884879,0.20494756519592353,0.02018340819815707,0.6583719503045186,0.022689612551013462
618,0.21462454771166956,0.21973385221279768,-0.37463620741230463,2.35496610500674,0.2199658451090264,0.20232164294191626,0.02038818795766555,0.8473643706350996,0.023187893295637158
619,0.18892402905569994,0.19612474215645734,0.7230936903201917,-0.20145695197897326,0.195860304840771,0.20393380139935308,0.019791916259217925,0.7507467975079437,0.021819234781573996
620,0.21551775787728472,0.22544155954960265,-0.15795539697317637,1.874015662104529,0.2255985790382202,0.1938315222567425,0.020528112251090483,0.6807078012729162,0.024495856125227033
621,0.15067883256855533,0.1449075802901832,-1.2245165077137083,4.121828375947957,0.14531239343415925,0.19457124000546044,0.018390551771930594,0.6261360014042754,0.019456356573061495
622,0.20195720905590756,0.18542273632649034,-0.17991108031832145,1.8328406763803695,0.18553391227548247,0.19293100641825753,0.019511862933178872,0.701097113860778,0.01881053401915293
623,0.1903037413003241,0.20876588737121962,-0.3962435212129494,2.379218560116897,0.2090050444293902,0.20259953564443103,0.020114758264969994,0.7023164598753666,0.02153841618204413
624,0.19781458333523733,0.20188436809588442,-0.4192056819134127,2.4158737498714102,0.20210809613222125,0.20677590693368503,0.01994005705326719,0.602816249502798,0.020492249529553058
625,0.21273276892830922,0.23064167132521754,-0.2811744093285423,2.1667670319947034,0.2308511567865497,0.2175094997782342,0.02065421841692635,0.7256507068004823,0.0260743109013436
626,0.20902991243338045,0.22913650780984007,-0.5232105845254317,2.715095368561637,0.22944348855794394,0.20134238258503243,0.020617850467335084,0.8189120290269294,0.022849467260772915
627,0.16587083240930886,0.17386897215293062,-1.151178024671521,4.0206617897985115,0.17425747914304307,0.19980884232598073,0.019202258752069188,0.7515911624057798,0.02110946160879543
628,0.218335424719113,0.211851708465916,0.8101382535346869,-0.3637381605617132,0.21166055321935262,0.2032083363199653,0.020192302552702084,0.5820639293632855,0.02215129167491093
629,0.1992460591359813,0.200863036184404,-0.16637876621374698,1.837187339306353,0.2010124244093935,0.2096755522722891,0.019913916812518306,0.8311272808706494,0.0230088293432766
630,0.17264750062326206,0.17064048530035078,1.2701555867275736,-1.50679495611309,0.17031198144291396,0.20690481372039965,0.019114349823742015,0.12574993561871334,0.021888019729863664
631,0.20508644136325285,0.20133470990500704,1.4190132500651338,-1.785742783292689,0.20090938061346372,0.190109184743254,0.019925995819043738,0.7767002289681452,0.021130485824187813
632,0.1993181944600005,0.20208425689324133,-0.6461504194011863,2.9336887183039893,0.20229528856764326,0.1951181224827846,0.019945166603879568,1.198726164835099,0.023488903404061692
633,0.17700369618295567,0.17261599452892545,-0.11338571858759725,1.6519879398521997,0.1727135943140583,0.19753380408654694,0.019168214944513953,0.6114800348893726,0.017862079602945558
634,0.1631039965585818,0.1611998382805019,-0.5118229035200982,2.5342683425334105,0.1614245216713013,0.1908180834562059,0.018853668931531214,0.6163273029136559,0.01945080721329312
635,0.1996446637130707,0.19357473757510424,0.08457720147068545,1.2485019626120721,0.19363088601320022,0.19572641202224147,0.019725758564312607,0.5955147523335136,0.019702380971582462
636,0.21710316657738143,0.2300904683427304,-0.017571687893984906,1.564588663017312,0.23019914269828387,0.20821398594686755,0.020640912712577703,0.6956432859494005,0.02156069571512236
637,0.21658839488804343,0.21107734099933312,0.9121423031955949,-0.5984493527812583,0.21077579551517867,0.19711299824336603,0.02017288906052681,0.5398523773847475,0.021358133056107047
638,0.16487556583409038,0.16445741967380634,-1.273332421880405,4.277672805499601,0.16490764253909987,0.19385968915513305,0.018944237233706085,0.7300135083354612,0.02058519480850649
639,0.2266489246029728,0.21224290118629072,0.7507603127935912,-0.22791901281811966,0.21199756767473674,0.20020130443500492,0.020202098197933765,0.5978486426171721,0.02151900309346689
640,0.2188887055493517,0.24219972237015364,0.04860781783865439,1.4413220481385312,0.2422670286855861,0.2028911740477678,0.020929937276529843,0.8214704549263063,0.02411297873806119
641,0.17608678201856945,0.17875365817800049,-0.35801140920199054,2.223647242443205,0.17893293833401494,0.2024733758142055,0.01933409477263728,0.5849227579728167,0.019264500602031304
642,0.18781134889835016,0.18442179255664495,0.41206801139897636,0.481006895725953,0.18433920132788445,0.17988321550415845,0.019485343868196954,0.5991527596829447,0.02222753279568713
643,0.21272041126901972,0.21484420983776054,-0.4321263805166162,2.4748749051067467,0.2150965499713304,0.20589572365775108,0.020267038924962958,0.6292322428613639,0.022715084433998462
644,0.17762097132179724,0.18050064998317727,-0.17469060326339775,1.8097173305963128,0.18063063467450755,0.19780618925465318,0.019380908213373294,0.6260066125349366,0.019704570493010568
645,0.2044763900600131,0.20779531804635515,-0.22130509976001708,1.9782022173567524,0.20795132942337402,0.20196687361077179,0.02009026754454835,0.7364192449818646,0.024103451374627036
646,0.22077027360743387,0.21004539057458496,0.005706234686739728,1.4658265753495976,0.21015199665545342,0.19640687201833784,0.02014697035068009,0.6910049539490277,0.021160906611028915
647,0.2230886381905177,0.21124356310545422,-0.08247898612085067,1.669590337574396,0.21137676957741955,0.19637146707873449,0.02017705884657194,0.6673989862407884,0.020880289155403974
648,0.1775339103160223,0.18296679375726435,-0.2914278770671191,2.0814594961772794,0.1831414960883554,0.1904772605011781,0.019446693799870674,0.6529021520582374,0.021642234110206316
649,0.19600619862617769,0.19905142288195826,-0.07157131547782748,1.6169267068926831,0.19916663059466877,0.18850961151812595,0.01986741362626272,0.681547718028583,0.02120817806198045
650,0.18080967248409233,0.2002292674279512,-1.10227538364261,3.969276077907811,0.2006846756307096,0.20590583784315042,0.019897668156199685,0.7156618526031622,0.020323272087495594
651,0.20835069787101296,0.2235309140954253,0.5730300769201702,0.20286455792885497,0.2233072223932141,0.20236732869920881,0.020481450111221895,0.7232436964669995,0.022419342729445048
652,0.1900571872880647,0.16687643172903763,1.5730612177035845,-2.428448343153472,0.16641941733499535,0.21025215663572952,0.019011067752893292,0.8453686159839154,0.019788740444396345
653,0.18451875198813578,0.1874323027742197,-0.2793152738799804,2.064026556799059,0.18761175133107638,0.20468056683390004,0.01956493414049973,0.588119214539456,0.021041641557110063
654,0.20159728885346034,0.19824905262209153,-0.3484100063607522,2.246200899137909,0.19845989696448335,0.193127140185332,0.01984676123958289,0.740562042586544,0.02343504075789529
655,0.23507063205642476,0.22099057535303054,0.9567811708452223,-0.6769569926730532,0.2207788933376684,0.20713761501249403,0.020419133598138895,0.4899890702934283,0.021756835452332705
656,0.2013353534708803,0.199643315521486,1.4002023492143056,-1.6693853764998046,0.1992262023276798,0.19572102062147084,0.019882626432273905,0.6770368642093592,0.023846938975546107
657,0.24601936793581944,0.2471178739370606,-0.1656441365903116,1.9409618034464737,0.24726765644310864,0.2117725919113106,0.02104539489333002,0.7558254460034456,0.023936123129069505
658,0.15973899234238373,0.16220026036359228,1.0702286470847768,-1.0665136808905153,0.16191544971968977,0.19924452075244978,0.018881553120723635,0.5439526069942946,0.018814364262496296
659,0.2223083231976823,0.2207651285199853,0.8800078269192346,-0.5021817971622273,0.2206494627779862,0.20787781490922785,0.020413587910020056,0.5401124920856314,0.023084676711493064
660,0.1861758208634321,0.18740272415933582,-0.44975769331776333,2.4525115184545334,0.18763961644629987,0.19489270110654067,0.01956415463312225,0.6176367200721781,0.01964532203276992
661,0.19734980638552768,0.1921735010145332,-0.7001591760571186,3.0342206730673884,0.19249203405410642,0.2026982395980838,0.019689253799088067,0.6413206832936815,0.02099046479174403
662,0.2149105676488712,0.20332453784751883,0.6217141642268738,0.04582810596581311,0.20309552290338242,0.19704470371105617,0.019976823528156495,0.7818610910201931,0.021774371075396513
663,0.18198185969027378,0.19267002807570374,0.22057953732947475,0.9364336067118145,0.19268374767585117,0.19787924399697376,0.019702201530846238,0.5567169917925675,0.022081063190066433
664,0.17526564448220813,0.1791911625546818,0.17928598628716777,0.999687325456415,0.17914880949023615,0.1923159030201881,0.019345834957507364,0.7222927618357008,0.02067833938448504
665,0.17284525431696784,0.16982562211606012,0.0554679366022061,1.2607028637079225,0.16986530166621996,0.1949331485753295,0.019092063308549196,0.661347267549295,0.020446864009819446
666,0.20822327902594717,0.21634998970805208,-0.24704475772595047,2.056384749908521,0.21649153692653247,0.19888990210220264,0.02030447434486077,0.7834411280234497,0.02058992987912916
667,0.1850261718996523,0.1981304552551982,-0.3281767167556804,2.1998028850593094,0.19833025523979825,0.21456577445412478,0.01984370571142029,0.771954088633274,0.022309834238422973
668,0.16202691235762207,0.16566453289096988,1.0391144147352245,-0.9903797411360264,0.16551278546569975,0.18460576196219144,0.01897763122199098,0.43644746104272636,0.02042604772828879
669,0.22552280030426738,0.2168975495913055,0.14443299618288954,1.165210098350473,0.21693328280404767,0.20688873006092795,0.020318059145209327,0.6803234932005333,0.022138677008357557
670,0.25139911684279054,0.24661421437504208,-1.3501981322495034,4.640193742720624,0.24729176075527975,0.19259776811675391,0.021033621344341117,0.7043763323548133,0.023984342923259634
671,0.21065542981158059,0.20629916367911932,1.0677638304347625,-0.9634055934605206,0.20604477875652033,0.19847163633806975,0.020052419147232985,0.4648263970200297,0.0222859314804888
672,0.19989923281385077,0.18409706953650268,0.37954806640831157,0.5543043186420326,0.18399823838498028,0.18710694803064498,0.01947672845931603,0.6630412908662808,0.020878113236557045
673,0.1938788267983384,0.18705430304654833,0.816583981239549,-0.43452369257814083,0.18694582476116448,0.19755352450106933,0.0195549687449392,0.5692774490543329,0.0225744457784839
674,0.20527520381860184,0.20387285585904544,-0.9516954831391071,3.634311251499459,0.20427865735176368,0.20226825857455644,0.019990793002145953,0.6949360158232298,0.02037223583426461
675,0.189961031235251,0.19572835693859478,0.4916128169732299,0.32514977505603154,0.19553305322460857,0.196366516707741,0.019781655537081486,0.7272139867917663,0.021021273711680503
676,0.21634392493423998,0.21656322459065772,-0.3218121545222506,2.227311733144633,0.216770752441783,0.21264421925625546,0.020309766422153822,0.7598708627007092,0.022830411336364372
677,0.23046143272747835,0.23360442222739833,-0.09715178175430735,1.754011764214097,0.23373569627094137,0.20408843512423352,0.020725490600191094,0.7124320691048409,0.022715639619517725
678,0.2000430333212153,0.2157822674132,-0.7902792599309261,3.2934826210280965,0.21616057078558504,0.1961132815994316,0.020290373476079437,0.6768912277140466,0.023246628139156792
679,0.1952666049544669,0.20694950873430978,0.46841176261337325,0.40406242778732254,0.20688245757840817,0.2065954535693209,0.0200688852563784,0.5792411504143954,0.02368224477389042
680,0.2258492995683473,0.2311567343085927,-0.83687580701171,3.4347571050318315,0.23157173664966066,0.20967455647070182,0.020666638666463927,0.5951000156253118,0.02132193650816986
681,0.20992520737220532,0.21171288058071597,1.1580659093567576,-1.1550135252996652,0.21133399269080633,0.20342185507612023,0.020188824367166576,0.6428705906491021,0.023927398960702017
682,0.21909364118061836,0.22079204940363542,-1.6522891132876862,5.269996443286491,0.2214620313348345,0.1966824711620745,0.02041425025902776,0.9339172923182973,0.022505879270797342
683,0.1986304656361142,0.19185416038541878,0.9433282387335757,-0.7127227143618081,0.1915487539492859,0.19227834273001207,0.01968091933642889,0.6757740519484218,0.021961617966788454
684,0.19223369917906277,0.18721283859491547,-0.3230456877451175,2.163215864430409,0.18739022482195844,0.1984412960095132,0.01955914927071256,0.7031108354890001,0.023130650088145025
685,0.2026264804761591,0.19009966395270303,0.037321112614171564,1.3482602978940512,0.1901052214825047,0.21004828138211848,0.01963502860675441,0.8724399520133401,0.021503399763596873
686,0.20052903264398336,0.1955303769845437,0.9749453004986595,-0.7761958952468442,0.19535020268742162,0.2031761290842645,0.01977652749722378,0.5311463520827624,0.020807490259972354
687,0.19890565656042952,0.18993787979864143,-0.11560995377728109,1.6965488913747313,0.1900597197944302,0.1974803099188376,0.01963078840849964,0.5906777187802043,0.020410984605353392
688,0.1980354099843607,0.18876199845042546,0.1318205231865199,1.1298416503944504,0.1887999528146876,0.1933615477879478,0.019599926140016755,0.5839730125486086,0.020938054751957206
689,0.22989790300665827,0.236211131509242,0.43036741060175954,0.5572160807956538,0.2360860732546184,0.2129228462291626,0.02078785606542383,0.7454251917080604,0.021572295938718428
690,0.1760113672410359,0.18181907620284388,-0.24521381317883117,1.973494309690663,0.18197834081846523,0.18512915570945093,0.019416121190213152,0.7246391178510903,0.021149415269817756
691,0.1987777089277392,0.1968647639015824,1.028744953503368,-0.8960895899684951,0.19662301816161534,0.20028674745441472,0.0198110495530483,0.41339796607538715,0.01940353307708921
692,0.22167087549752507,0.20845620940083445,0.37303823031830435,0.6248473995517965,0.20840822167702286,0.1998645788296297,0.020106949327042968,0.6308192522128516,0.022757689345110417
693,0.19301363961335397,0.18863929874547722,0.36285787508535094,0.6025850931398491,0.1885122353091262,0.20496319265082047,0.019596701327923582,0.7722577914887582,0.021048505744987702
694,0.18997046745564874,0.18007744679688842,-0.48208823418692254,2.5095151976148227,0.1802975247103875,0.2035973459591307,0.01936958397578624,0.5830695727946492,0.019016877595098024
695,0.17871156317014242,0.17308292789341093,0.9445451097135981,-0.7599567952072691,0.17275461326213448,0.2006302401458067,0.01918091256523405,0.3492289660598717,0.020394578223253846
696,0.1782162004729974,0.19206977638934708,0.1642456791105606,1.0634662891157594,0.19209711710738586,0.20024394182145605,0.019686547306948292,0.726150677819454,0.023650678114984353
697,0.1865350754692089,0.18985144106756213,0.6914119072051551,-0.14313493149721465,0.18973264221580735,0.19923270521191008,0.019628522343151978,0.5535297427165617,0.01975973231737463
698,0.19406656297629604,0.17879834138378564,1.1300180081746742,-2.360527712542415,0.17832257982871616,0.18872891414906837,0.019335294329839707,0.7669464302338436,0.02210892738722345
699,0.21643456575940762,0.2209609572779372,-0.5160081402149115,2.680045613334487,0.22120561293423321,0.2028462636014018,0.020418405176180102,0.7664215344506659,0.021092727226425526
700,0.20300501315951966,0.1983640431097281,1.0419249338994827,-0.922358075497932,0.1981754281709369,0.19937316323759718,0.019849723120801476,0.5533621609816103,0.023904935429181613
701,0.19016332291738466,0.18917611676168963,-1.8434384245784599,5.633679175064169,0.1898099584641112,0.20779235054466014,0.01961080387741029,1.060475790717923,0.022138148835581618
702,0.14987610616641886,0.15227775641902383,1.0697958676086543,-1.091393961716177,0.15203866453080114,0.20076720819207594,0.018602188670383765,0.24862698008841613,0.01792464972598239
703,0.21063251063472105,0.20278620078284143,-0.2417518348673883,2.013398471181082,0.20296456984100977,0.18721423648476762,0.01996309296757718,0.7464275233408199,0.021853893075598856
704,0.19900877296881364,0.19159701963953185,0.5255037888422598,0.238698267239306,0.19146373232702096,0.20811109788844784,0.019674204153853066,0.6222026780452661,0.02195583132917729
705,0.20577872278122772,0.21945259591560906,-0.6104941376208343,2.892000615943583,0.21976612655841496,0.20598166788268896,0.020381251603292096,0.6852676333903108,0.022000058047647646
706,0.20685574495092984,0.20246500875819415,0.6085617196036384,0.07464221515715576,0.20241204683663108,0.2052378897974562,0.019954893534669914,0.5567614243794534,0.021855543468965843
707,0.21831273368885856,0.22851972654500866,-0.8368060327611286,3.428583123159518,0.22892555679722645,0.20789875478282221,0.020602916473472937,0.7405832714583792,0.024065414999349177
708,0.19263737057641922,0.1907468276532389,0.8972501912427212,-0.6098474771052107,0.19063408867532597,0.2054423263525961,0.01965197563217034,0.622724811069908,0.021671616675809614
709,0.18444124360800015,0.18457020201765265,0.25882384380226925,0.8305773412869007,0.18449452421920895,0.19769379127075914,0.01948927941433856,0.621514283509431,0.02083514395307359
710,0.189426464918335,0.18765702982306426,-0.07863788966014641,1.6070670479356606,0.18772008192148132,0.1987893128516063,0.019570854942556826,0.7751690372149767,0.021654544427428972
711,0.1942580087991442,0.2039628134804821,0.47678014111331213,0.3782766495767074,0.20391808428614153,0.20123858565483707,0.01999308334212174,0.7103150143792755,0.024476944679216118
712,0.17873008028715487,0.1655896086763496,-0.7301685991856325,3.042027111049818,0.16587739888791148,0.19879696768951646,0.018975561097892727,0.616880358542146,0.021712641040064238
713,0.20611861681069782,0.2232824707118945,0.6411145753309426,0.047537836458007715,0.22313908568023547,0.20083775903994194,0.020475369528194894,0.591118371941129,0.022298522904530493
714,0.19498297478950483,0.19090737896566554,-0.6688705158536012,2.9600066286074536,0.19119307488918466,0.1996447361951253,0.019656176345738754,0.5851574120011727,0.022166375918341138
715,0.20234137922543183,0.20363389739224216,-0.7218513636835147,3.109796550852036,0.20398675264160143,0.20318764929741576,0.01998470700802416,0.7188060864578706,0.022259129621204375
716,0.19407622306602054,0.17929589454121417,0.37060419636240655,0.5636729040689573,0.17918182049764314,0.19352290881917955,0.01934864373793471,0.7229490116726466,0.01959345969527348
717,0.21465302624865312,0.22185593469441017,-0.40069435259765923,2.419207609756908,0.22208206568781322,0.2018365155607536,0.020440397063513853,0.6963090643926712,0.02166660790844724
718,0.20622465562079254,0.19104824370569867,-0.06140135459347423,1.5755027500699774,0.19112142114524663,0.18731530405332245,0.01965986080265524,0.6866963925935063,0.019736634545817196
719,0.21293136621983094,0.22238449146662034,-0.3134806042879223,2.2215978771602694,0.22259488738400826,0.21933005592079874,0.020453366593542993,0.6391542350970663,0.022936949404852785
720,0.18742376577826345,0.1863194482506569,0.35632424865028284,0.61251391359434,0.1862840237408269,0.20983382214595667,0.019535572481214382,0.5814937366476797,0.021597836603486867
721,0.16216726922182612,0.1648649959652808,-1.0388419729963656,3.7440491112773118,0.1652405996390632,0.20572386590225797,0.018955522578791583,0.6370903503678527,0.02068221003345308
722,0.18859145271966096,0.18044478856196833,-0.0444155013243978,1.512605541780694,0.18051292850708756,0.19887122765715992,0.019379414042311277,0.5976239384656687,0.02000656950847
723,0.21304288960627382,0.21858314830453582,-0.2828438403547146,2.1430860007449093,0.21879365198860148,0.21223411659226413,0.020359784478751333,0.6773298865868591,0.02158542613393305
724,0.22177520796351785,0.22915890466868674,0.03425756278782924,1.4443234907891938,0.22926083299027258,0.20842581859001652,0.02061839241533952,0.6143024315840401,0.02080376515820768
725,0.19149106851798264,0.1862381418841942,0.8998815598967854,-0.626558209535649,0.18604341412094832,0.19049236767677122,0.019533424562141886,0.4809712768393197,0.02166715377946499
726,0.19848883280798854,0.20532885633738812,-0.7902110146715774,3.26949525247535,0.2056988846194976,0.21292303618230835,0.020027811031442487,0.818611297595378,0.023301675768810978
727,0.1806506407148487,0.17071020216316396,0.11253170034030192,1.132659191725009,0.17074707532917,0.18796671936780715,0.019116254728753373,0.6226593256952914,0.020133026304822815
728,0.19774128001201513,0.19088720941960502,-1.468537081806931,4.782930667726983,0.19139774404058765,0.19154933221161988,0.019655648701693465,0.721595559487708,0.020674873737951224
729,0.14348243427053575,0.13939942498399113,0.3491719305438763,0.5218725668681045,0.13936231225403806,0.18957602284101402,0.018230001038784468,0.5265088723627068,0.01798869232569595
730,0.23332981923268994,0.2560341324036047,1.3290685926112706,-2.3634193054442743,0.25573139332859646,0.20665465778796038,0.021251951266610072,0.25771506192357774,0.028351744420878667
731,0.18123667188143167,0.18246054548944562,0.6080729795962897,0.02984255403828646,0.18234850201479522,0.19833692229281402,0.01943321775752019,0.49225597167838875,0.02064315332596476
732,0.16229609135367934,0.1704848007178675,-1.4464317273792235,4.686022061848368,0.1709902096644697,0.19848729877779828,0.019110094931578236,0.8283913284779254,0.02222379257415683
733,0.168399519803083,0.1791173611705132,0.4763282865683099,0.3222344264282434,0.1789734174691829,0.20152731299107515,0.019343855315828485,0.6508875059402417,0.018295172250420877
734,0.17276929995596374,0.15566835940490664,-0.012838384993784683,1.3841403755889203,0.15573006910072934,0.18976114610546704,0.018698356195142117,0.6478490055869425,0.019955742301482848
735,0.2267663935823443,0.22974218720136888,0.23180452092594211,0.9953715064599841,0.22977321325432917,0.1986342117406597,0.020632497957422315,0.689135632651247,0.0238649189471568
736,0.17938982380487606,0.18660916537161842,-0.5174767167754235,2.605077598636486,0.18685520618167673,0.19606433998395575,0.019543223092937722,0.6172132718389607,0.019799728545203968
737,0.15520835531808547,0.1504979345424789,-0.21774184894593585,1.8394658900513505,0.15062133017953222,0.19030120225737338,0.018551408926642726,0.5506189659416553,0.021383115547812886
738,0.18709757902157897,0.18688907030671922,0.5063724640776436,0.27187045832508594,0.18682641484111093,0.20361185863239623,0.019550610117983456,0.5357709050006733,0.020339927432918452
739,0.20493130196095963,0.2130411580708321,1.0078153648194879,-0.8121193344211665,0.21270947389192318,0.20246470733369804,0.020222062805709224,0.6166000369473216,0.022341535086513133
740,0.2170605261926105,0.2268652129919055,0.12477426715280947,1.2327455792798931,0.2269104205007447,0.21031241892513727,0.02056276596771096,0.6198829495849237,0.020770846309290596
741,0.1842420177899053,0.17547994670434897,0.6065212550372138,0.017295821626400993,0.1752658859156202,0.18761122303866445,0.01924589302085782,1.0268891111252298,0.021298657356216014
742,0.20426634517684022,0.19157103309169013,0.5383022086885869,0.20941204335652044,0.19142205593112271,0.1960377395763822,0.019673525317687367,0.6633293072235675,0.02353734897592757
743,0.18905586567006671,0.20063226411940047,-0.2540365136435778,2.036491162987116,0.20081407292950093,0.20342217294213247,0.019908002714100037,0.6131006100845496,0.02176396855859946
744,0.21748795934468462,0.21635554641267604,1.3852005182596958,-1.6747128719371196,0.21587451750079428,0.19960507141888348,0.020304612280390558,0.45906862984474045,0.020832628803216565
745,0.21642059139690548,0.19520276183710356,0.023702679115996612,1.3909578721023905,0.19524546794470135,0.19793440778015411,0.019768037006609812,0.8067048876613303,0.0234494974563293
746,0.2078151401460956,0.22100252695616246,-0.19288623302188954,1.943524700681023,0.22116640035942936,0.1923458568171924,0.020419427521632186,0.6478044075859909,0.021338916146616052
747,0.21123874308397958,0.22132869840007063,0.36985458976098146,0.6615393532483211,0.22131308795119112,0.21104400091375192,0.020427446281227134,0.6580059571122076,0.0221799549276256
748,0.17977640289546476,0.17217540925241978,0.29442177282631493,0.7213051291420751,0.17213350265793118,0.1986690388588235,0.01915622193229917,0.6133735673676369,0.019037767030981697
749,0.21183104702602562,0.2277436506205445,0.45749916808518637,0.4764924524785479,0.22772880681009208,0.20326990204999965,0.020584099615408337,0.713345320029255,0.02276017874417792
750,0.20327135862079154,0.19855879924996717,0.15930934438019426,1.0895579552571668,0.19861316787262268,0.1976283265371558,0.01985473795978492,0.5640509497272722,0.022149223936294014
751,0.2194682959070422,0.22248612587849448,0.9946934274041794,-0.7602721895852663,0.2222055357751562,0.20559952892635827,0.020455858892219743,0.7067217385130145,0.02496756513614046
752,0.22033298461110856,0.2072992669630499,1.4730328206395964,-2.172373730363173,0.20703791321426543,0.20025173578671204,0.020077731728558174,0.22961935463764602,0.023208589919864686
753,0.17097306381530034,0.17192945347250915,-0.4319676112547824,2.37668422341473,0.17213032702681197,0.19385692676387295,0.019149521828655067,0.7091880679122313,0.021342537994769678
754,0.20749951491723478,0.22059730761626226,-0.44088423416738076,2.5079594766339897,0.2208707526008056,0.19948397418127806,0.020409458116966952,0.7540633902546617,0.022067725335743815
755,0.2191834002351067,0.2281886207900437,-0.6161445951868595,2.9247979592855047,0.22852574793591227,0.20202235027069096,0.020594891965174136,0.7897511011199904,0.02434708575549222
756,0.19518194970310868,0.18749918908258226,0.04308201895850236,1.3292143654867,0.18753386907514855,0.19665367016066893,0.01956669666498727,0.6323149227238367,0.01864281677090149
757,0.1872961332440058,0.188996182037376,-0.2813040105763204,2.072131086270423,0.18917725160813323,0.20885457666202842,0.01960607866344691,0.6525923051337742,0.020696954854202424
758,0.2307310019697877,0.23438133059441585,0.8758719556982976,-0.4621570707984386,0.2341713025580934,0.2067274535893611,0.020744111436001064,0.5192155213550611,0.023716973977081782
759,0.20393743385787436,0.19320819671354375,0.04776704766763919,1.3315719579873058,0.19327770331004032,0.2032032626887609,0.019716219881925776,0.6587486792088643,0.020051347624813996
760,0.21696439767962392,0.19837810563242286,0.30533312994006695,0.7559033401129844,0.1982543663177218,0.20138686736976752,0.019850085289295636,0.8827035146847122,0.02200694395356806
761,0.1902683753145051,0.17908578233705721,0.895500157697337,-0.6345472163234658,0.17874061284119727,0.19649591696538637,0.019343008151743682,0.6193018960724759,0.019088766207624452
762,0.17510475216975133,0.18029404510864783,-0.15785693930925818,1.7708686317661408,0.18042491313097425,0.19507126485945223,0.01937538108754085,0.6085366952631904,0.020018726334759464
763,0.18368915376643968,0.18919781418774786,-0.40622773042471144,2.357366531016642,0.18935382399630268,0.20117329461417208,0.019611373545729272,0.8873286530664227,0.02282474880864355
764,0.2126580754384589,0.21319291037913846,1.0674686834999352,-0.9466963200568139,0.2130102753002877,0.2103570699407732,0.020225854514717926,0.49177894956281293,0.022084524774359432
765,0.17886358502568706,0.18104989999424614,0.4899925666095531,0.2957002621662975,0.18094551152769303,0.19562388505573491,0.019395589895077777,0.6403525659762336,0.020234327512833487
766,0.21283729258570852,0.2081797242434711,-0.7324350906642423,3.1442880377318136,0.208492156521214,0.2081000626534108,0.020099973213555083,0.7014690845071577,0.024548961042239782
767,0.1963471079868291,0.20799937219226164,-0.8221241939277806,3.348337886129437,0.20839170599513426,0.19708339238114006,0.020095420549881,0.7067417771607352,0.02316042328179221
768,0.2035160424947154,0.21651998858930416,0.9301773254821374,-0.627293742495014,0.21620966428860128,0.19806261264693414,0.020308693572080896,0.6060149514749608,0.023143075587990992
769,0.189989253089956,0.19273854821951086,8.241775132032563,-17.351618676518456,0.19231159654957633,0.19028380154667215,0.019703987241371918,1.771176241756508,0.022435693361297412
770,0.17577837770591495,0.16125388685582798,0.6599217671434882,-0.136308827864672,0.16118958183537083,0.18745824644641093,0.018855176992681424,0.5050948764737969,0.018944880894757855
771,0.23524304172250998,0.25596181877137947,0.5829680037912922,0.2548706688398871,0.2559156248834176,0.20329195073889963,0.02125029012497034,0.7052771684859752,0.023994815691841392
772,0.19357769065408117,0.1996031054202722,-0.3703541605553582,2.299309814876596,0.19979323861010154,0.1977824713506169,0.019881593545202695,0.7950521971675181,0.020361369381685323
773,0.1694080041980468,0.16723301414376798,-0.008251975317178955,1.4000444653530202,0.16730609274507893,0.2026836505797372,0.019020888860593017,0.6678742673321199,0.020880079382958733
774,0.19405189384840218,0.17621898619756343,1.0255914704462552,-0.9359076313367756,0.17579519657033033,0.21534566287015613,0.019265859278370885,0.7786601180843399,0.022457848937791066
775,0.1803571489366576,0.19503850533910294,1.9469424517072378,-2.9928831488455914,0.19448094828222814,0.1973182955087312,0.01976377793655601,0.8935266995597806,0.023583094477483243
776,0.18899449660844012,0.17784558217670784,0.6449228633495587,-0.06514741412349111,0.17760080097628503,0.19310531809675355,0.019309691623110203,0.7621717505933542,0.021667272553943174
777,0.19662150326400965,0.21202713550957217,0.7515793997865333,-0.22999673926283384,0.21183101769886148,0.19579894270861567,0.020196696288762812,0.5919359897539714,0.022929647169143932
778,0.21176242855018948,0.20523422862641294,0.6936514264687667,-0.11302969805007271,0.20513881274401943,0.20471756116323436,0.02002540853853055,0.6117223522802432,0.021183441243569127
779,0.21300406984219086,0.20783051592505009,0.7357534057211368,-0.20367008845718573,0.2076113718813392,0.2042630035880331,0.020091156554551105,0.6397385547337074,0.022093692941172003
780,0.20912966482740178,0.21401527261998826,-0.9139535806909652,3.571390635204752,0.21444898921849287,0.19004921287746288,0.02024638193360377,0.7279200545643467,0.02159210725983938
781,0.20344634219967336,0.21609552802704046,1.0994670581176031,-1.014183571173603,0.215695371706516,0.2010422129214234,0.02029815611989621,0.5057314236145933,0.022403326598443747
782,0.2033375105308689,0.2327854726715891,0.7813293934998328,-0.2505029136447407,0.23257533117152562,0.19604553553691337,0.020705831373488123,0.6521232210489122,0.02421559979398647
783,0.21067496461433546,0.21561025054653687,1.001420345703991,-0.7905847175790089,0.2154607448341454,0.2082088613456968,0.02028609779771853,0.4548137898200337,0.0206100202132778
784,0.21291414633311453,0.21144811822612794,1.0822174712408157,-0.9819167874819529,0.21108487207183585,0.20372641868366487,0.020182188306362935,0.7119523371662881,0.02204465710748658
785,0.18817187698231794,0.1902826089307153,2.5458435814724236,-2.396923988304097,0.18978766642868453,0.2039110283017695,0.019639821663580765,0.9058037675904984,0.020447178293227838
786,0.21829085058647238,0.21743669943665128,0.5935267539852815,0.14273669974721948,0.21732159517464392,0.20620262524863286,0.020331420662622453,0.5960600238369413,0.022450507813398704
787,0.20527323735307398,0.21440393286905535,-0.03141696864425176,1.560387079016879,0.21451066834425608,0.19199297703733048,0.020256071601391198,0.722609269994565,0.023334064897312195
788,0.1870052048894631,0.1731613862489066,0.8661088563622481,-0.5792922335326758,0.17299489435259754,0.19938530606338062,0.019183044863093128,0.5309851389576501,0.019314612608283644
789,0.19164600920931177,0.19337140996316673,0.12582941304821266,1.1540187797910528,0.19342225817939687,0.19471326587087295,0.019720468171102016,0.6773064818914426,0.024088001208850827
790,0.20889166226213124,0.19678856870530767,-0.06819286356069855,1.6040655711068923,0.1968899497200459,0.20623588379699778,0.01980908088712347,0.6764327677766245,0.021874726876477853
791,0.2000602648873063,0.19490423814015076,-1.5019590355844161,4.868279458889675,0.19545447483596512,0.20502122802813394,0.019760295383033026,0.8542628160573847,0.022130691550539122
792,0.17729353846653598,0.1635676841430459,0.8540624862775423,-0.5744468001277974,0.16330601156548952,0.18868741184240467,0.01891956583381664,0.5375472031295865,0.02157187671434655
793,0.1849437530333514,0.17978134892519748,0.23457251908538568,0.875159656236795,0.17978708216282416,0.2064466609687461,0.01936165473406644,0.549832661640709,0.02058610313493407
794,0.19009859829220305,0.20101355000852095,-1.3052095308500713,4.433685172838546,0.20156869686568973,0.21106468565481523,0.01991777257485495,0.74149616450024,0.024588863981697816
795,0.21113480282192557,0.20422843912582458,0.4060382909180282,0.5398105993796042,0.2041252345424398,0.19276049061110723,0.019999843751772797,0.616294537354192,0.02230377899784517
796,0.22228965946971554,0.2134070489828746,-0.6235473698689181,2.9079764116147397,0.21370445087864717,0.20154733428163638,0.020231203034854074,0.6564431057429437,0.02141537393204596
797,0.21267660112602427,0.20889066595987738,-0.6796083398333748,3.025479148707006,0.20922129943035947,0.20543002226702559,0.020117903325791792,0.6670420981522472,0.021950456202783
798,0.2029155286293827,0.2121003241408419,0.6447804920318979,0.014025837883688795,0.21202554414498345,0.19493811259827665,0.020198528904464084,0.637458905315274,0.021627513211712555
799,0.21365026826602718,0.2172837013297028,0.4264769074789744,0.5231999476097154,0.2172305913477312,0.2061835972146065,0.020327630450522396,0.6195490450431901,0.023322156467900867
800,0.2017364401174567,0.2022482322327874,0.16368950005018182,1.087939344203615,0.20228117273228138,0.20334638325211468,0.019949356560628812,0.5885540797982708,0.021521119254195833
801,0.20256939190092021,0.2072877045490857,-0.5568069906639938,2.741881499179077,0.20755509923260196,0.19451094716410716,0.020077439380440713,0.6299938216682642,0.02072539527229475
802,0.183270674564087,0.1801646348751743,0.7872312160704439,-0.38422992920473403,0.1799085045496029,0.19765443843961597,0.01937191783261689,0.698248327788067,0.0203134834775008
803,0.18140542607286064,0.1874123660754215,0.33542691974890393,0.6627015504356498,0.18739817724557628,0.19319500099808146,0.019564408739130828,0.6634195147706063,0.021179781608253644
804,0.1679797221609265,0.16568280902365687,-0.16490303671485765,1.753626127207727,0.16576522525492215,0.19534651963104532,0.01897813613153426,0.638182644759352,0.021593189757720926
805,0.2257395942371221,0.22433481327827068,-1.0808178594296922,3.975310096453994,0.2248424415334686,0.21053789785005259,0.020501104709063866,0.7587706270582258,0.021202253809841823
806,0.18355660848547664,0.19263085510775374,0.4360752799283395,0.4451875404438775,0.19258784886219296,0.19684774517098985,0.019701180524549725,0.6316724770578974,0.021118878781140975
807,0.2316814177808293,0.22470810500170704,0.9840034004252979,-0.7309480016106977,0.22442345221336477,0.20277123010599593,0.02051022066081501,0.5827435249512332,0.021833260292595077
808,0.2168909905040595,0.22521791976663194,0.6691087966778355,-0.01226188716703966,0.2249632758675686,0.19741129400507906,0.02052265963771072,0.5842897985792651,0.02042511286602761
809,0.20685050825777643,0.19736062288820966,0.2971293943989609,0.7724716161101577,0.19729599047325408,0.20329442681882184,0.019823853493114253,0.673126447926978,0.022093372933046463
810,0.22264882291063734,0.21658498896792144,-0.15481687687340684,1.846670724111655,0.21674345307138332,0.20491481759252675,0.020310306443976973,0.7709433827342455,0.024340727058479242
811,0.20637259948905046,0.2079986700600162,-0.5773582208021177,2.790349388060344,0.20829021414204033,0.19926017599232568,0.02009540282253255,0.7308543011218119,0.02112451851672075
812,0.16633813361671596,0.16347547553660724,-0.8341143750744411,3.2741712662530706,0.16376883058325895,0.20044763107204513,0.018917006191938285,0.7716099809456641,0.020771330620931196
813,0.240181181217213,0.22557153694946014,0.25533152785595264,0.932162056688402,0.22556218503891842,0.21102462542855283,0.020531280147096306,0.5540494288624671,0.02478710242202384
814,0.20654657658228584,0.21538702792782022,0.7755954169341784,-0.27721250196520075,0.21516315313206963,0.20661358443907957,0.02028054712718269,0.5814874046474728,0.021426485801732304
815,0.2081194537122372,0.21211553491212726,0.31726442315769154,0.7601282379287059,0.21202563222110232,0.21243068808910742,0.02019890974225297,0.8263571402606785,0.021052613107259983
816,0.20778659641442437,0.20497765452663028,-1.0311273745689473,3.8179070879166552,0.20542471515597524,0.1997427661898391,0.020018892054965123,0.6462916084930899,0.021741747291700954
817,0.2333875270171032,0.22711604397929902,-0.5012870043817386,2.6605136384522443,0.22737119838037223,0.19375040394181112,0.02056886141150766,0.5799745556304882,0.0228795216292256
818,0.18834886880784338,0.1974845321227735,-0.47720778778912587,2.5380757906755673,0.19771498687158484,0.20774184668030954,0.019827050978797323,0.7268368889362978,0.02082010855646243
819,0.186121845111187,0.18329968941864222,-0.19901890384786367,1.8715571736776004,0.18343391232379885,0.19166705807265452,0.019455547335227707,0.6676659649537976,0.021584740877097133
820,0.17597329563666272,0.1703232871363265,0.7763658855158815,-0.38112154049626357,0.1702028589464241,0.2036118998914236,0.019105679193894307,0.5403408086157627,0.019897705006927193
821,0.16049842704406597,0.1581057508777186,-0.16209198037418818,1.7299426060254686,0.15820949695670627,0.20388731782445565,0.01876703199112904,0.6104211574773047,0.01944402614376369
822,0.2021445412579156,0.19136044268305155,1.5013809700784375,-1.9957711877571491,0.19091455387156875,0.1975437127844614,0.01966802277801841,0.6560677370034965,0.019989075703895826
823,0.17739321258429772,0.186871715935826,-1.2062394554676383,4.175827485273318,0.18735729548590066,0.19643519369256834,0.019550152243214873,0.6843073137215009,0.023993179819517287
824,0.1694155057842024,0.15461109428755287,0.48611074855470954,0.24422880426638557,0.15450393500295562,0.20333909249276527,0.018668448612829357,0.5744720379887464,0.01865417060562974
825,0.21425875382340948,0.2202432573359813,0.21166193208107553,1.0196261134310272,0.2202751308625938,0.1984958996549762,0.020400740975288142,0.7839056122449798,0.024788240809519694
826,0.2110621709485569,0.18485103978948436,1.7510180969240843,-2.574235858933796,0.1845393701448292,0.1960226759772504,0.01949672330529162,0.373123554481308,0.02110954305392994
827,0.2077152567234498,0.20187770575333563,0.6659842344477216,-0.05816656489235641,0.20168576946527672,0.19382007913286134,0.019939886714344743,0.5292121180169378,0.021888390298431416
828,0.22354936795641464,0.2382167042928324,-0.705582357332026,3.151542224969103,0.23857102358528404,0.2037106406348405,0.020835623497245576,0.9001289541472108,0.02520089186052814
829,0.1583300008557188,0.151806143883453,-0.6578319301985851,2.845700913120817,0.15204601715811125,0.18819893054318404,0.018588753333676995,0.649876902098064,0.018812516979506866
830,0.2169576713507518,0.20280396334283898,-0.42006443417245104,2.41992911859885,0.20304131998202937,0.20490650343887173,0.0199635462539952,0.6668004190462604,0.021021394887877964
831,0.14292519481258414,0.1557973552386543,1.0750312595955938,-1.0951403505096824,0.15557013476798034,0.19483204589539388,0.018702000278534144,0.34439689378731164,0.018433924363242527
832,0.1846677086447299,0.18943794600424455,-0.38127727060771305,2.301040455538807,0.189635153108714,0.20296307890813853,0.019617676487487416,0.577510354840397,0.019899303497290157
833,0.2227400558493724,0.21508201390579146,0.4871796557608893,0.379312242296187,0.21487253458996236,0.19520254325428688,0.020272958578858493,0.7796817567109283,0.023653877540157565
834,0.19168529539332527,0.18842853702976814,0.2500410411531399,0.8592848432685852,0.188316679621914,0.1842117564396731,0.019591160100354735,0.8718572762750765,0.02210175842872692
835,0.21404464496700848,0.20015997449777795,0.5934093212839797,0.10329491406860146,0.199977690849575,0.2033421073208358,0.019895890319420698,0.7230131485414629,0.02335392758343576
836,0.2234914961067695,0.2279554318859496,-0.15136005202074565,1.8647130452278622,0.22811842297011511,0.20616330602692964,0.020589237364030323,0.6237149345902936,0.02267888253810853
837,0.21460144788084598,0.20697719098355455,0.8331062026271701,-0.42768773357719025,0.20669299501903457,0.19930668524076756,0.020069585657410006,0.5539670357174977,0.019762451538462397
838,0.17900174912154593,0.17573768558208053,0.10795466185113196,1.1545627234912574,0.17578452985609427,0.20327969549798347,0.019252859862270457,0.5639450657632299,0.020140358048444194
839,0.18036789862158117,0.17307815736885737,0.47797291607004305,0.30515233251427576,0.17302670861678757,0.19027705132217634,0.019180782902767382,0.6535367679422277,0.019507422996130404
840,0.18562362991470308,0.18007934757570349,-1.1025726867971697,3.924013165270075,0.18049091498948336,0.2070159136727993,0.019369634860644365,0.7483090307013932,0.020237451440903474
841,0.20361691728334327,0.19802820201394716,0.695463296677384,-0.13387221287454318,0.19787689092389155,0.1926918060902367,0.01984107066594194,0.6092431562049193,0.021671212527563505
842,0.17806185235337826,0.1859816226264457,-1.3295289836818025,4.454858432226182,0.18644707345131034,0.19390329517452684,0.01952664550277648,0.7735637147270895,0.01950970093726544
843,0.22211077751624825,0.20659441665153466,0.5722126573802232,0.16674446801400666,0.20651594631458023,0.19464761687669288,0.020059897388049877,0.5260116850288601,0.02279700572227274
844,0.1878247535639754,0.20619950768791823,0.9819303618284415,-0.7677829282942449,0.20601863187812527,0.21384700903918474,0.02004989401329214,0.5234668455852486,0.02083771437128028
845,0.21937149694605437,0.20692769919185722,-0.28885817231126704,2.1302278699460957,0.20711369415459566,0.19998199557948115,0.020068333415368126,0.6838763428732184,0.024058893302614053
846,0.23270895537267366,0.24087116431075517,-0.47216527791581353,2.625483561338224,0.24114441310620413,0.20466313382285825,0.020898559443580572,0.7270093636486479,0.024712748396466443
847,0.21461419086540873,0.22513491109432868,1.381727268006311,-1.6236908277478324,0.22472068646542212,0.2060381453128793,0.020520635167262002,0.48735682116210216,0.023959176600855153
848,0.1884342287328865,0.1792410677652793,0.201354183664633,0.9496710340687655,0.17926684651160996,0.19259044344732137,0.019347173431762132,0.660202345943119,0.02180477240133309
849,0.20408464243754998,0.19427328517214434,0.02923298335434283,1.3762304297147872,0.19431394481737005,0.20374977190610913,0.01974391693303447,0.6028496252762454,0.02023721884622244
850,0.18622661984725813,0.20537691263141883,0.5711834429098259,0.1662698358005284,0.20528710626358695,0.19390288305490871,0.020029030948785064,0.7405111057574878,0.023815957068141057
851,0.21614612378523815,0.21499531840709926,-0.8358249521605284,3.395513782644403,0.21540697086928173,0.20351348995186463,0.020270800798308064,0.6397088222746721,0.020314615876923278
852,0.2352236412909123,0.2306626053685801,-19.83253674672222,46.73739366424206,0.230275330133308,0.20851811259553704,0.020654723467061434,8.522961413638427,0.025839649299837893
853,0.19946468550989574,0.20865336422442715,1.5227744164678518,-1.9144115163343767,0.2082768868266812,0.1962736690351651,0.02011192141691444,0.631957766284905,0.02140032022455371
854,0.18009979205604826,0.18241975569986613,-0.11213563121005012,1.671485159590761,0.18254131735840942,0.2048615465940936,0.019432131319919364,0.6348336640559595,0.019859955650117864
855,0.21021072779878452,0.20642832437791056,1.1841905168294713,-1.2275065311162405,0.20606353308005074,0.20989471499885218,0.020055691118610594,0.4545964350177567,0.019327610735997265
856,0.17565842895564826,0.16761327480134675,0.35149361451837896,0.5808317215921347,0.16756281363326966,0.18929061880950504,0.01903135359338982,0.588925210660554,0.020796995417089383
857,0.23770231971152866,0.2378821657827648,0.6561298085709275,0.0464821106141868,0.23770919912648,0.20656009676871045,0.020827668656946734,0.6159174802692919,0.022129000329736612
858,0.1979612068941069,0.20063916494312933,-0.8564388873620994,3.4097806288778223,0.20101818698051688,0.19560760440342928,0.01990817960558413,0.6435090039425974,0.024902499941008998
859,0.2135000822193278,0.20626779723591074,-1.0041264436698405,3.759292574967448,0.20670109685000906,0.20063583528982867,0.02005162442407802,0.821324275608878,0.022427709566238557
860,0.21868214982651846,0.21835728280674924,0.010184997300883568,1.474567741677654,0.21845582365627386,0.20078119021163887,0.020354201603642003,0.6826373530721582,0.021750884830516685
861,0.2221643870060233,0.222277935716232,-0.08191364839482979,1.6934557860798032,0.22225711427131173,0.19357518814853508,0.0204507530697544,1.4203208775635419,0.022976384252181802
862,0.1952376173380762,0.20128369688511014,1.4481603876666957,-1.3731076504724637,0.20097471622006777,0.20333777013519894,0.01992469000445717,0.17635486569715567,0.020948014300893478
863,0.15989205469163983,0.16448641978828077,0.011728348841562921,1.3482280173193266,0.16448809815764218,0.18808538942472847,0.018945040553443655,0.963516491585479,0.020515399150632406
864,0.157294605829008,0.14548639944433933,0.8209618353417262,-0.5401749204598241,0.14525961585857305,0.1896274964605242,0.018407303500609103,0.5165657775840151,0.018952125809235026
865,0.1897026542520794,0.17855548717792535,0.15086415411112417,1.0631439262964442,0.17857303021731244,0.19870051017627297,0.019328773314859344,0.7227469285974233,0.019749767775485372
866,0.19831129934603262,0.20330820151573578,0.24900178044904034,0.8956086776085245,0.2032071826726064,0.19672304149276726,0.019976407085933942,0.7922146690747137,0.01907209418433315
867,0.19658256342104463,0.18654029030749492,-0.483904960118078,2.528389698722164,0.18677666131178114,0.19346186002455934,0.019541404723896066,0.7445646150967972,0.02381326679623877
868,0.20075827701831586,0.20711827415891182,-0.22537680749372951,1.985940237984809,0.20728323193393852,0.19430951266441643,0.02007315464934833,0.7405973847442813,0.025136792770715413
869,0.2241159720378957,0.22829656807485801,0.2998487945057123,0.8370205359951426,0.22831866252621172,0.1984356006450484,0.020597508697263116,0.6640745774284582,0.021212161672590244
870,0.18782922660951754,0.17729101160850436,-0.5622498059271531,2.685903412483814,0.1775107193169849,0.18888804353260924,0.01929476480186166,0.8035811603534296,0.019071499190139056
871,0.2300602915225638,0.22819360287136486,0.17181385032323895,1.1286040791748786,0.22825654660774664,0.1955522309956339,0.020595012747274547,0.6378025882562083,0.0221202563844493
872,0.1781307397067297,0.18408574073668632,-0.534566306310098,2.6382854401090787,0.18434403547069608,0.1978757696331695,0.019476427780671265,0.7910245392375769,0.02421654385142859
873,0.19909423642699012,0.20661272555632207,-0.14682407611836987,1.8057165844454723,0.2067510997610756,0.19998043668045226,0.020060360971516356,0.6484473510045737,0.022343550712361094
874,0.18838915734395215,0.18095096054421575,-1.1785127585548922,4.099121310082399,0.18141052018937281,0.19476738372875768,0.01939294648259108,0.6525309470936319,0.02085735999195822
875,0.15654802086933642,0.14927689088416563,0.3812998862699114,0.47114479786501784,0.14922653050342075,0.19326527883318112,0.018516451454618124,0.6435703384953633,0.01893155361338978
876,0.19090309574974518,0.19610970927694,0.14634869429505729,1.1134649734398971,0.19614090473714055,0.2172844830974181,0.019791527277082794,0.5397169847578691,0.018055936960691493
877,0.23470557033459888,0.22827073872696405,-0.17977566551087484,1.930208476763851,0.22842376395897915,0.20986804003209744,0.02059688262321002,0.6876155611264405,0.023357390870567096
878,0.20403945688874472,0.2032159707134876,0.7433249152785855,-0.23082880623124538,0.2031064137618224,0.18932070770866577,0.019974055695203514,0.5732085238296079,0.021138491412276826
879,0.2231192190574853,0.220901904643935,-0.09685407513412514,1.7243758874832185,0.2210401636196384,0.2039199377100694,0.02041695271677331,0.6594525929521501,0.023258682816226683
880,0.211942708976523,0.19974452181912,-0.3093378277235887,2.1605355512787345,0.19994506077924978,0.19009050322833548,0.01988522576271351,0.616909617513273,0.019829834267737417
881,0.15752748678507236,0.1545382215134283,0.7273851227278908,-0.30600045010656063,0.1543611660572007,0.19662541677306739,0.01866638456313766,0.44987232186294057,0.019260971837830414
882,0.21375117830526347,0.2154011429560751,-0.6921041838592555,3.0688058865242227,0.2157540470278697,0.20121572706514654,0.02028089818664404,0.6807905444530619,0.023066534138135482
883,0.1918617983897255,0.19915124988720354,-0.11017302793846674,1.705152934970283,0.19927935232231667,0.1993349220501083,0.019869980687779547,0.7110102514282005,0.02276445610398197
884,0.1621052070041967,0.1644037830335784,0.27370087378531155,0.7509311817516826,0.16439822568076679,0.18724331437090624,0.01894275133156221,0.6753223817878766,0.021041947405635336
885,0.16815322879501093,0.18105664797347923,-0.3810514278093893,2.281420717092027,0.18121056474286817,0.19414301927523273,0.019395770163580673,0.655080205023893,0.019358925435724757
886,0.19831451282861084,0.2150682770043372,-1.8281301284619351,5.657810052820661,0.2158026605369358,0.19337731515270773,0.020272616703738085,0.6860990670454293,0.020431579641574597
887,0.20844526691185672,0.21162791064442876,0.9857449556662385,-0.7638000546550464,0.21151771597354943,0.19574633089657859,0.020186695051410797,0.5491675482867641,0.02484073549174872
888,0.19284105933762608,0.19180687615847167,-0.2408685325435463,1.98635275715011,0.1919329807872974,0.20419083701755011,0.019679684790448383,0.6052426919042811,0.02326711949048893
889,0.20914681335774607,0.20006427013130607,-0.4856165879725585,2.5631194659422567,0.20027551362827797,0.2068917408536739,0.019893434428951372,0.6396490844665477,0.02056772350024791
890,0.19199611933348368,0.2053795268451823,-0.009914517696960681,1.490801477065772,0.20547214974455996,0.20188545557727852,0.02002909730760035,0.6476242887855247,0.022811986159529805
891,0.1884407427743381,0.19487456570211611,0.2576911942610176,0.8568647902824751,0.1948764961086958,0.19996911495180317,0.019759525622554813,0.6677873436680568,0.020182975581713617
892,0.2029724696344662,0.1921661082616948,-1.0547530670738732,3.8425578075563944,0.1926141714845983,0.1852342792434606,0.01968906091914387,0.5956072528043013,0.021473976517519446
893,0.18822679532148556,0.20416978390499693,-0.45150444466149975,2.494716380713897,0.20441913409290108,0.20195785561725685,0.019998351242088645,0.6616372886650677,0.024181719655962126
894,0.21978655201267858,0.21269686488097128,-0.6920174232627996,3.062444104822865,0.21300270443449626,0.19333251242582855,0.02021345591022491,0.8224840574527147,0.022204839514531127
895,0.23833160979557758,0.24583010475860712,0.6706877616837437,0.03187436735793554,0.24575316894223018,0.21266602869445872,0.021015269255728913,0.6618630175860808,0.02456964629587447
896,0.24037360588773307,0.23275604207304723,0.2846414906099625,0.8817601259434288,0.232752376816949,0.20503696020381712,0.020705124291020893,0.6858625665565337,0.02254162544189116
897,0.16266106812558562,0.18088177805547972,0.69866236868658,-0.18083279945282904,0.18063565555939018,0.19811814127745003,0.019391097766990495,0.8123358476436485,0.021410637858808344
898,0.23293107696005735,0.2299063170161265,-0.08883037295896702,1.7266107932323136,0.230050894368923,0.191617450874422,0.02063646418741851,0.7716522284584183,0.02296671253349648
899,0.20187032744217906,0.19758763253910655,0.33742869913639667,0.6810345120664411,0.19748940532674325,0.20380082201846578,0.019829710862565967,0.778637679163355,0.02141749184139575
900,0.1936255785704827,0.19787561464998438,0.31493424951422117,0.7332050072723524,0.19785318973339439,0.1962120450198818,0.019837137477310363,0.6505069008999151,0.02379023862859021
901,0.17075814599692118,0.16842621895554455,-0.2738433657796309,2.0082255574446304,0.16857430055333247,0.18083404649817503,0.019053696270197575,0.6167585705059297,0.021237176990988742
902,0.21140557903455318,0.2085619717662976,-0.9363078626318172,3.609917352230778,0.20895178549819818,0.20670471891014036,0.020109616819853366,0.7563805007857615,0.0212974067632472
903,0.2054599661440113,0.17897339488838826,-1.056534505018817,3.81654147814255,0.179377787837783,0.18201115217968072,0.01933999266984549,0.6965503731733942,0.022649516466174312
904,0.21550207897424986,0.2233175909437224,1.1514827409626356,-1.1132174431398547,0.2229297347545716,0.20986800942031542,0.020476229268907464,0.7947382412854602,0.02257605568058354
905,0.22036472465068704,0.21944962643526036,-1.5497991903291637,5.033292586171668,0.22012855715527588,0.19878795535417368,0.020381178348969988,0.6808542881977713,0.02353823204769019
906,0.21289764671136116,0.21821225511077308,0.8569459990458206,-0.455539896619662,0.21807079049566927,0.21215890881972177,0.02035061551681877,0.6376394394829048,0.022395109509955536
907,0.15899054827327627,0.17293953366419376,-1.270737073711169,4.2910996574657165,0.17340688931328901,0.1977790995162644,0.019177014531645987,0.6055950350552698,0.020037500031475895
908,0.2413718166520719,0.2369169095016705,-0.18593305819540604,1.9639558151710261,0.23711267845353345,0.19973747464632907,0.02080468715334523,0.7523359911792332,0.022553483055554872
909,0.20948190991043902,0.21012214505522864,-0.12903339076219758,1.7731568122661185,0.21024753627840342,0.20685642710171834,0.02014890000971431,0.6640890747271311,0.023260454570520304
910,0.2058763929954326,0.19763383179701688,0.3126356417172123,0.7379367950051643,0.19762747397505204,0.19928174288705217,0.019830902570170814,0.7004604095476438,0.02091474840863716
911,0.1683526575728532,0.17972717615160233,-1.5073086681419978,4.845870750533006,0.18025610921265411,0.20734657757174177,0.01936020348717598,0.6801339663629489,0.02245888053651748
912,0.2018132836869746,0.21320337227671543,-0.12994443973144443,1.782260291550695,0.21331837444020899,0.19351593961360825,0.020226115874499535,0.6529499834138934,0.02112675166881974
913,0.22356806672824595,0.21832045506207104,1.4402283263338402,-1.7115051365127478,0.21806260882197354,0.1970757388614205,0.0203532910663121,0.3585338661582471,0.02295783233870161
914,0.19878762730171198,0.19903304394456503,-0.1590951917500893,1.8164096220594141,0.19917194189300538,0.18545257346527583,0.01986694095200634,0.74422742043554,0.022449977842928487
915,0.1654234840847472,0.16343055073461393,0.2869990907130575,0.718454641042552,0.1634394743435533,0.2031801308618129,0.018915758922447054,0.4824791794114195,0.018507865567221216
916,0.21593845711831647,0.19976844883384348,0.6036630185694627,0.07903346988189938,0.19958618561491975,0.2024640998548521,0.019885840212068934,0.5283018414157568,0.02247123902638913
917,0.2186467258080607,0.2378486215156898,-0.056163031617697985,1.6702503571091036,0.237980627328961,0.21814287677884406,0.020826870736782837,0.7720577997916533,0.02505355651555041
918,0.2256187597382429,0.22942744820856262,-1.0173652793222656,3.842269276823417,0.22985353975829667,0.20477017828565292,0.020624888631148763,0.9480088488085088,0.024204938824940833
919,0.21230443625309128,0.20185759085954078,0.09038086381312825,1.2541636801096696,0.20192403775571585,0.19831852540987654,0.01993937241413797,0.6929637505713525,0.021107619794335286
920,0.2088687133377135,0.20129987163874286,-0.6263531832985326,2.8867718908074465,0.20162357181284832,0.20059413641053112,0.019925104055428196,0.7009627818089311,0.022438849053778655
921,0.2018731563179354,0.21482340180131776,0.877746569089552,-0.5111185128191431,0.2145947358788259,0.20770355903572763,0.02026652081538289,0.6062791415552936,0.024285138772580914
922,0.2019928971898276,0.20673797712947464,0.8570576291212787,-0.48232679525172273,0.20653172083617635,0.19993611621735152,0.02006353188848526,0.5079738549920721,0.02309828775776838
923,0.1772031711529983,0.1826185039082158,1.4074078285158054,-1.4183500760737657,0.18223207745795642,0.20246636263180567,0.01943742409009474,0.6057922821108557,0.021994318902480655
924,0.20259117130461324,0.2036643327963028,0.9261519466884838,-0.6465749779356369,0.20347940980643273,0.20070960264542817,0.019985482328857763,0.5695581501396862,0.0235545207042151
925,0.20037755938645974,0.19665291604095983,-0.687125454040089,3.0147184626963766,0.1969737905106338,0.20370493397458836,0.019805575235785577,0.7145480968419183,0.019427919705462444
926,0.20173830230145107,0.19322253494218367,0.4506831116605736,0.41298367225722926,0.19311310792833222,0.19547176942495986,0.019716593151017568,0.5613587614988896,0.01965017529956979
927,0.22773947217102325,0.21105355639332898,0.5028265040598,0.33512225139976887,0.21101377375225358,0.19978049600226347,0.02017229229343379,0.7689005921024495,0.020879294321669434
928,0.18916243277125575,0.19713232622855292,-0.13893006128180516,1.7661111905503304,0.19725222984945545,0.19446015107653575,0.019817960120942706,0.7080293435110896,0.022795147531872173
929,0.1958018101953805,0.21248636032951973,-0.2213288204184871,1.988955285983275,0.21265493807750585,0.20755850374834292,0.020208190600286686,0.7413074032116144,0.024988783509975167
930,0.1897197918408725,0.17996124120866674,1.331155800526605,-1.3310113045912884,0.17955254013847094,0.19881697828441441,0.019366472694811086,0.8038137433305347,0.0209659764323649
931,0.1913561547590133,0.19155038006344358,0.5223176793558368,0.24573557836676463,0.19139158405941661,0.2075086155214969,0.01967298578041617,0.6908935903912267,0.02158011278907595
932,0.16288717901368854,0.16619702046069587,-0.03468578371905941,1.4579477143420265,0.16627426185942948,0.1967769151059312,0.018992333720176263,0.6129787856728126,0.02063281122280623
933,0.18115965643968884,0.17710145167367627,1.2326402876703413,-1.3986513162040775,0.17668394859794134,0.1954815207915212,0.019289658495315894,0.46275054471695093,0.021962157692872897
934,0.2198773831963673,0.2297450350480419,-0.3668572189638733,2.3600566399815017,0.22999562445240357,0.21872368085311314,0.020632566787162195,0.6416199341726583,0.025146185130061244
935,0.18076417984629592,0.18437496082929747,-0.3429850783691664,2.202202437789448,0.18456532561682937,0.20047041523843037,0.019484101718003147,0.5312860185942246,0.0201098326209827
936,0.20119649051758712,0.206175032722101,1.8258170168030128,-1.70547321068006,0.20593701062844746,0.20746816381980557,0.02004927377527046,0.5311689741047418,0.022722722960026184
937,0.2056229121949544,0.20821371201173647,0.11194908316264529,1.219441019904615,0.2082413366066269,0.19696158954626128,0.020100830985778775,0.7361101414243376,0.021786250874188662
938,0.2206697815013374,0.20451049150942566,0.27758597911218247,0.8334367670389909,0.20449321701508566,0.2040069352438995,0.020007018191744892,0.6060572259431162,0.020716924874092484
939,0.22748521703004934,0.21858247625276064,-0.4197038674224561,2.455078327458525,0.21884112642181305,0.19965281381390404,0.020359767870936112,0.601252017662169,0.021752407233191863
940,0.18868716591924212,0.18940524886077484,-0.5699775707007604,2.731139386603831,0.18963091122165104,0.19620583083934615,0.01961681844631405,0.7401062439892139,0.02190558166368672
941,0.21002138577033339,0.20139388545548326,0.41761872350957124,0.5071893245186415,0.20134888710405507,0.1951922136424001,0.01992751040277407,0.6362241219614373,0.020950919589650924
942,0.18377721866536148,0.17915366913740505,0.0439494947017673,1.3082210812291704,0.17920035961081396,0.19796938441750117,0.019344829276851567,0.6165868368861293,0.022172117298747632
943,0.15271877818493526,0.15678616069797643,-1.0517215860959472,3.754990339161251,0.15712685355495712,0.200847306933603,0.018729898308491616,0.6187430816641541,0.01819064699998287
944,0.19559380396018228,0.20976595418183347,0.16611279696423584,1.0986098335556056,0.20928031616947834,0.19691832364139203,0.020139942582438577,1.0645603869236808,0.021722552550691762
945,0.19558496246945756,0.19524080803831612,-1.0271189583884088,3.786571997926178,0.19565126952057038,0.1962702225580671,0.019769023312476534,0.7001168656351128,0.020188530870271164
946,0.17680423014814217,0.1653443253676684,0.054606303450298044,1.252464713072239,0.16539885403838525,0.19247253603130027,0.01896878161612044,0.5776465432270999,0.021135017309770646
947,0.22285569138758685,0.21304972269634218,0.24711141435055795,0.9223068387271547,0.2130198850413297,0.19567214347390516,0.020222276833959017,0.713196974437046,0.021151342225000227
948,0.2160567222663436,0.23078047457067954,0.2970217606201061,0.8490569024212696,0.23078059745921087,0.20989594007720475,0.020657566764669507,0.6593623747746947,0.02552157719459574
949,0.18529367925223886,0.18875100565195593,-2.0946487785071675,6.205385771667884,0.18952575107030623,0.20455284643521976,0.019599637259803928,0.8368044660110714,0.02280005810210178
950,0.1752228764900018,0.1578904656856278,0.11898937260615403,1.088615209521466,0.15786492428462354,0.2015475202540801,0.018760981349900722,0.7367239916251508,0.01995881323585772
951,0.20787386495109472,0.22064233749392806,-0.36334310588278435,2.3312874448019785,0.22086275291476165,0.1928352333131816,0.020410566363496283,0.750564973463812,0.023174358184878473
952,0.20760135023777898,0.2117754939626209,0.32438884924694816,0.7432945877825445,0.2117395180143743,0.20171784988032943,0.02019039320054294,0.7179058229679769,0.020646399629593266
953,0.18399933144065958,0.2012310069973025,0.10416226974476288,1.2212746601217035,0.20125864853237305,0.19251995477253692,0.019923341121251634,0.6395333649945144,0.02210498396969458
954,0.1910292669088657,0.19997220733682558,-0.0025787959608306677,1.4617462629099949,0.20001896040374442,0.19230058124896893,0.019891071525704615,0.715187683925382,0.021072411770418954
955,0.2055733157665052,0.19713457828945685,-0.6865247930667343,3.0144473822742266,0.19742855057371042,0.19226275331066123,0.019818018270544534,0.6236328104874613,0.019214538323083646
956,0.20192032555280431,0.2060849293600179,0.3663955650638451,0.6342519002489437,0.20594176401574957,0.2021761292394084,0.020046990131667067,0.9171893792724454,0.02153889832196311
957,0.19532549476277689,0.1820867297986546,0.12390445066597743,1.132619346126748,0.18209609071370025,0.19155602080831707,0.019423257606999013,0.6113197516980007,0.018557794361089227
958,0.19494266958612563,0.20279905148606947,-0.08909038923527293,1.665406593963057,0.20291804806581518,0.19325566213696563,0.019963420908975023,0.5855973629084101,0.021296384506918262
959,0.19364967398450977,0.19659412498069437,0.7377661650742442,-0.2341351377388321,0.19632674565615485,0.1940705071620672,0.019804055599085445,0.7819475840922079,0.02110986281626788
960,0.16428244731109312,0.14778016848072234,1.5484918092854394,-2.227955346661078,0.14753471160868561,0.19503615601266844,0.01847346725077888,0.41360678109281,0.02021021440220626
961,0.18995994649151726,0.20420211928642856,0.6833770762414915,-0.09243937146449006,0.20402131032290438,0.2097423546161486,0.019999174053366573,0.6025853322830115,0.02252288343999694
962,0.21330958212882736,0.21151196201877087,5.219455878115506,-10.41892146786653,0.21103026081475523,0.19840609394476796,0.020183788827692953,10.614201672462784,0.022692623492514004
963,0.19982696490036284,0.18051337549445715,0.36610870617031305,0.5770075178416597,0.18048008580310296,0.1949116892478359,0.019381248567901833,0.6728143668339173,0.021888725008681803
964,0.17090582089963338,0.16212067783158302,0.5964121473153187,0.009803390677274705,0.16197068565146477,0.19801659794288679,0.0188793372466872,0.5563150302679531,0.018512827315272203
965,0.18491270691399078,0.1854598479413837,0.330406678516087,0.6697369340531268,0.18546167646733225,0.1921322881843669,0.019512845082789096,0.6619885369101386,0.021000685750879274
966,0.1813479696873489,0.19601051263120936,-0.8883141969939795,3.471895725534216,0.19640547815847811,0.20919490162915644,0.01978896021558151,0.6537412854873913,0.02272270190408824
967,0.2006393040736907,0.18648838738623985,0.5030420757337741,0.278067050887429,0.18629270222017408,0.20335871515804538,0.019540034260053452,0.738618864700523,0.02205082502315908
968,0.16387511551115772,0.14885456369508668,0.17159611767499083,0.9481888487659106,0.1488610243446366,0.19253792296202654,0.018504337703561406,0.6344115841721395,0.020789528559018902
969,0.18672565713505784,0.16714166975662498,-0.42000286440183854,2.3384921841571473,0.16726933580379139,0.18891042469541308,0.019018373762038347,1.0429613197199876,0.019355024160506742
970,0.15322933161193528,0.15510131101262553,-1.6297170541370514,5.0687878983105055,0.15554513179711107,0.19006833868074477,0.01868232463790876,1.0729595935031928,0.02147331659882128
971,0.17303978088098498,0.18598716859079392,3.1318641950113975,-1.3679139689783968,0.18562531748528052,0.2002992737438915,0.019526792105662744,1.150789141708154,0.02002374396196696
972,0.24021763582511743,0.24940208966783858,-1.135313439231517,4.156685430415788,0.24996530675499337,0.20783687552023633,0.021098647905166728,0.6942896581149064,0.024388158258194365
973,0.19748941677042264,0.2069522785766056,1.2558594671046166,-1.4061859058122184,0.2067001367648019,0.18856996701871873,0.020068955339191605,0.3545883518783041,0.02255326671111666
974,0.22015108508449677,0.21600713680728867,-0.7418931067569877,3.1836920934041313,0.21636708688580053,0.19967746757841662,0.020295960627343353,0.721347435493591,0.023506820672101584
975,0.217096105868722,0.2024827769809951,0.5491990496404218,0.20980240917386625,0.20240329406052635,0.19067276021680604,0.019955347266300945,0.6196225817221452,0.024657533588433575
976,0.18894739049953024,0.20074652725514552,-0.00013321741253946806,1.4579398527352248,0.2008284102917287,0.20266890040241065,0.019910931339617105,0.700476838881353,0.02123155018916054
977,0.21658371301589485,0.21113368884287098,-0.18173347036824214,1.8956070754113747,0.2112937045203835,0.19866764532604125,0.020174302739547286,0.6890003468745689,0.019064847618362336
978,0.21774021698618,0.2195738871961318,-0.8917293131978226,3.533397079725684,0.22000369384422291,0.19395105332958085,0.020384243373668762,0.6828068778400483,0.02256657808527693
979,0.1970037117195929,0.21449170833249348,1.4548848715463272,-1.8301005381714128,0.2140568983836075,0.20654327708557657,0.020258258872353097,0.7385470985431063,0.024844353440757506
980,0.22527798460523762,0.2399294658737214,-0.28291561439478335,2.1919132301503783,0.24014852482675852,0.20496187545045988,0.020876269402706798,0.728347745297789,0.02680289958448037
981,0.2026500098068109,0.199363169577838,-0.20148025639731773,1.9137893254494482,0.19949033089178939,0.20301433060664165,0.019875428460209184,0.6307477399887484,0.02262426843341591
982,0.21762180218611568,0.20341261222493573,1.2155795213226295,-1.2859276610457058,0.20304558133794595,0.21382300781308708,0.019979068459454616,0.5890913976072016,0.019382431819572922
983,0.20086634710782375,0.19025001339346084,1.0287971461321894,-0.9111915382999112,0.19001966194781303,0.1982247551012964,0.019638967814158307,0.3992899387205427,0.018125607773266595
984,0.21943805556614052,0.21846750834316087,-0.8606181496149753,3.4599536855183164,0.2188484537114901,0.19472451432775703,0.02035692644164419,0.8817642928676642,0.024111390886771895
985,0.20055847799341542,0.19088136547787343,0.9007787816758177,-0.618234431261228,0.19065983751973153,0.20218299029989875,0.019655495817457718,0.45863892593616723,0.01951073420189615
986,0.20420949554375198,0.18781355685617965,-0.8341160348177322,3.3296580321610207,0.1881679431628442,0.2018741402371997,0.01957497723571887,0.7236301951241945,0.020526571642254132
987,0.20048176410681703,0.19492461671637032,-0.9212916066336398,3.544596565924665,0.19530605884082763,0.21207613873591544,0.019760824015054645,0.6115029389581103,0.02222289333323189
988,0.1648105715202053,0.16358180600614092,-1.3218732965536983,4.386341461056609,0.16403036174373065,0.1989707422227718,0.018919957799711708,0.6523829653726537,0.01893675526225824
989,0.21656947980320357,0.206588708172702,-0.11645851771864969,1.736438833676835,0.2067084524644063,0.1915381773073988,0.020059752845185276,0.6496528732185357,0.02243061118144978
990,0.1675420071624085,0.16905961744276696,-0.5709213297298944,2.686910222596477,0.16930378892207276,0.20369745607277,0.019071076626205337,0.6010500976270492,0.02004863092711844
991,0.21150497030483206,0.21314582345164648,0.2748760644890112,0.8590750582649843,0.21305053717484082,0.20514075222480835,0.020224678117534145,0.8374045675777139,0.021436897061866033
992,0.18784728974203987,0.19045118551970272,0.9086378826658432,-0.6371901111472976,0.1902167958118776,0.18914263938085682,0.01964423663797435,0.4265850542081354,0.020882524530142416
993,0.20556613348054392,0.20739481855352118,0.5505365249445758,0.21795092952937675,0.20731570091224114,0.19829859585463883,0.02008014742351439,0.7406032477955775,0.023660631964659708
994,0.2088024420047627,0.20819415404120575,0.5579732892842406,0.202871812609166,0.2081271257749121,0.19619153397425618,0.020100337395369233,0.5784068489033785,0.022151671601573553
995,0.2083874331911211,0.20759811578178755,-0.1452985407308521,1.8044830565124246,0.20772161413236082,0.19448245601637135,0.020085285526528496,0.7235941030691918,0.024068343686359153
996,0.2143368273002513,0.2197375699566124,-0.11353931492960298,1.7597613381744515,0.21980758362044472,0.201536693581307,0.020388279618620903,0.961367149461532,0.02250021096355913
997,0.19456129084796647,0.20121626878187965,-0.46045362733694634,2.508385403784096,0.2014452765708196,0.20707363986103916,0.019922963790439785,0.6674582618868448,0.022271904165767787
998,0.1885558090346739,0.1831976680794268,1.1796466873826563,-1.2633667306614234,0.18283639465102958,0.1936412697638763,0.019452834694395554,0.6016354924546955,0.020798024402762995
999,0.2155525414676161,0.21291258899893564,-0.35918423173514746,2.3041900635798926,0.21311331124671262,0.19440323667673312,0.020218849444062718,0.6207748482992099,0.02330685777255232
